"street","hondius_1612","berckenrode_1625","ram_1692","loman_1876","pw_1909","pw_1943","pw_1985"
"https://adamlink.nl/geo/building/accijnshuis/1430",,,"yes",,,,
"https://adamlink.nl/geo/building/gasthuiskerk/857",,"yes",,,,,
"https://adamlink.nl/geo/building/haarlemmerpoort/600",,"yes",,,,,
"https://adamlink.nl/geo/building/leprozenhuis/594",,"yes","yes",,,,
"https://adamlink.nl/geo/building/montelbaanstoren/1228",,"yes",,,,,
"https://adamlink.nl/geo/building/munttoren/164",,"yes",,,,,
"https://adamlink.nl/geo/building/nieuwezijds-kapel/556",,,"yes",,,,
"https://adamlink.nl/geo/building/oudemanhuispoort/195",,"yes",,,,,
"https://adamlink.nl/geo/building/oudezijds-herenlogement/1259",,,"yes",,,,
"https://adamlink.nl/geo/building/sint-olofskapel/174",,"yes","yes",,,,
"https://adamlink.nl/geo/building/zuiderkerk/397",,"yes",,,,,
"https://adamlink.nl/geo/street/aalsmeerdergang/6709",,,,"yes","yes","no",
"https://adamlink.nl/geo/street/aardbeziengang/7808",,,,"yes",,,
"https://adamlink.nl/geo/street/aarnoudsgang/7809",,,,"yes",,,
"https://adamlink.nl/geo/street/achtkantenstovengang/41",,,,"yes",,,
"https://adamlink.nl/geo/street/admiraliteitsgang/7810",,,,"yes",,,
"https://adamlink.nl/geo/street/akoleienstraat/87",,,"yes",,,,
"https://adamlink.nl/geo/street/alkmaardergang/6896",,,,,"yes","no",
"https://adamlink.nl/geo/street/amsterdamsche-hofje/7037",,,,"yes","yes","no",
"https://adamlink.nl/geo/street/anjeliershofje/7811",,,,"yes",,,
"https://adamlink.nl/geo/street/anjeliersstraat/168",,"yes","yes",,,,
"https://adamlink.nl/geo/street/annaatjesgang/7812",,,,"yes",,,
"https://adamlink.nl/geo/street/apothekersgang/7813",,,,"yes",,,
"https://adamlink.nl/geo/street/appelenkruiers-of-appelenmetersgang/7636",,,,"yes",,,
"https://adamlink.nl/geo/street/appelhofje/7814",,,,"yes",,,
"https://adamlink.nl/geo/street/appelmanspad/6986","yes","no",,,,,
"https://adamlink.nl/geo/street/arend-jacobszoonssteeg/7638",,,,"yes",,,
"https://adamlink.nl/geo/street/arendsgang/7815",,,,"yes",,,
"https://adamlink.nl/geo/street/arendt-bouwes-steeg/5616",,"yes","yes",,,,
"https://adamlink.nl/geo/street/arke-noachsgang/5696",,,,"yes",,,
"https://adamlink.nl/geo/street/arkenoachsgang/7816",,,,"yes",,,
"https://adamlink.nl/geo/street/aschtonnengang/6742",,,,"yes","yes","no",
"https://adamlink.nl/geo/street/azynmakers-steeg/5467",,"yes","yes","yes",,,
"https://adamlink.nl/geo/street/baafjesgang/6818",,,,,"yes","no",
"https://adamlink.nl/geo/street/baanbrugsteeg/261",,,"yes",,,,
"https://adamlink.nl/geo/street/baefjes-steeg/5625",,"yes","yes",,,,
"https://adamlink.nl/geo/street/bakkersdwarsstraat/7013",,"yes",,"yes",,,
"https://adamlink.nl/geo/street/bakkersgang/5925",,,,"yes",,"yes","no"
"https://adamlink.nl/geo/street/bakkersgang/6312",,,,"yes","yes","no",
"https://adamlink.nl/geo/street/bakkersgang/6731",,,,"yes","no",,
"https://adamlink.nl/geo/street/bakkersgang/6771",,,,"yes","yes","no",
"https://adamlink.nl/geo/street/bakkersgang/6799",,,,"yes",,,
"https://adamlink.nl/geo/street/bakkersgang/7817",,,,"yes",,,
"https://adamlink.nl/geo/street/bakkersgang/7818",,,,"yes",,,
"https://adamlink.nl/geo/street/bakkersgang/7819",,,,"yes",,,
"https://adamlink.nl/geo/street/bakkersgang/7820",,,,"yes",,,
"https://adamlink.nl/geo/street/bakkersstraat/278",,"yes","yes",,,,
"https://adamlink.nl/geo/street/balk-in-t-oogsteeg/290",,"yes","yes",,,,
"https://adamlink.nl/geo/street/barndesteeg/311",,"yes",,,,,
"https://adamlink.nl/geo/street/bastaardgang/7821",,,,"yes",,,
"https://adamlink.nl/geo/street/batavierstraat/5666","yes",,"yes",,,,
"https://adamlink.nl/geo/street/beddenmakersgang/6856",,,,"yes",,,
"https://adamlink.nl/geo/street/beerengang/6677",,,,"yes",,,
"https://adamlink.nl/geo/street/begijnengang/7822",,,,"yes",,,
"https://adamlink.nl/geo/street/begijnensteeg/346",,"yes","yes",,,,
"https://adamlink.nl/geo/street/begijnhof/347","yes","yes",,,,,
"https://adamlink.nl/geo/street/benijdersgang/6797",,,,"yes","yes","no",
"https://adamlink.nl/geo/street/benningspad/6972","yes","no",,,,,
"https://adamlink.nl/geo/street/berengang/5697",,,,"yes",,,
"https://adamlink.nl/geo/street/berenstraat/394",,"yes","yes",,,,
"https://adamlink.nl/geo/street/bergstraat/396",,"yes","yes",,,,
"https://adamlink.nl/geo/street/berkenboomengang/6895",,,,,"yes","no",
"https://adamlink.nl/geo/street/beschuitmarkt/6239",,"yes",,,,,
"https://adamlink.nl/geo/street/bethaniendwarsstraat/425",,"yes","yes",,,,
"https://adamlink.nl/geo/street/bethanienstraat/426",,"yes","yes",,,,
"https://adamlink.nl/geo/street/bethlehemsgang/7823",,,,"yes",,,
"https://adamlink.nl/geo/street/bethlehemssteeg/7643",,,,"yes",,,
"https://adamlink.nl/geo/street/beugeltasgang/7824",,,,"yes",,,
"https://adamlink.nl/geo/street/beulingstraat/431",,"yes","yes",,,,
"https://adamlink.nl/geo/street/beursstraat/7003",,"yes","yes",,,,
"https://adamlink.nl/geo/street/bezemmakersgang/6900",,,,,"yes","no",
"https://adamlink.nl/geo/street/bier-kay/5689",,"yes",,,,,
"https://adamlink.nl/geo/street/bierdragersgang/445",,,,"yes",,,
"https://adamlink.nl/geo/street/bierdragersgang/6809",,,,"yes",,,
"https://adamlink.nl/geo/street/bijbelsgang/5698",,,,"yes",,,
"https://adamlink.nl/geo/street/biksteengang/7825",,,,"yes",,,
"https://adamlink.nl/geo/street/binnen-bantammerstraat/464","yes","yes","yes",,,,
"https://adamlink.nl/geo/street/binnen-dommersstraat/466",,,"yes",,,,
"https://adamlink.nl/geo/street/blaauwe-armgang/6756",,,,"yes","no",,
"https://adamlink.nl/geo/street/blaauwe-gang/6898",,,,,"yes","no",
"https://adamlink.nl/geo/street/blaauwe-hanengang/6114",,,,"yes","yes","no",
"https://adamlink.nl/geo/street/blaauwhoofdengang/5947",,,,"yes","yes","no",
"https://adamlink.nl/geo/street/blaauwlaken-steeg/5634",,"yes","yes",,,,
"https://adamlink.nl/geo/street/blaauwlakensteeg/5841",,,,"yes",,,
"https://adamlink.nl/geo/street/blaeustraat/484",,,"yes",,,,
"https://adamlink.nl/geo/street/blauwburgwal/489",,"yes",,,,,
"https://adamlink.nl/geo/street/blauwehanengang/7828",,,,"yes",,,
"https://adamlink.nl/geo/street/blauwehuizengang/7830",,,,"yes",,,
"https://adamlink.nl/geo/street/blauweloods/7831",,,,"yes",,,
"https://adamlink.nl/geo/street/bleekersgang/7832",,,,"yes",,,
"https://adamlink.nl/geo/street/bleekersgang/7833",,,,"yes",,,
"https://adamlink.nl/geo/street/bleekersgang/7834",,,,"yes",,,
"https://adamlink.nl/geo/street/blekersgang/5946",,,,,,"yes","no"
"https://adamlink.nl/geo/street/blinde-katersteeg/5782",,,"yes","yes",,,
"https://adamlink.nl/geo/street/blindemansteeg/499",,"yes","yes",,,,
"https://adamlink.nl/geo/street/bloedstraat/500",,"yes","yes",,,,
"https://adamlink.nl/geo/street/bloemgracht/503",,"yes",,,,,
"https://adamlink.nl/geo/street/bloemmarkt/6353",,"yes",,,,,
"https://adamlink.nl/geo/street/bloempottengang/6874",,,,"yes","yes","no",
"https://adamlink.nl/geo/street/bloemstraat/504",,"yes","yes",,,,
"https://adamlink.nl/geo/street/blokjesmakersgang/7835",,,,"yes",,,
"https://adamlink.nl/geo/street/boekdrukkersgang/6761",,,,"yes","no",,
"https://adamlink.nl/geo/street/boerengang/7836",,,,"yes",,,
"https://adamlink.nl/geo/street/boerensteeg/518",,"yes","yes",,,,
"https://adamlink.nl/geo/street/boerensteeg/7004",,"yes","yes","yes",,,
"https://adamlink.nl/geo/street/boger-steegje/5632",,"yes","yes",,,,
"https://adamlink.nl/geo/street/bokkengang/6877",,,,"yes","no",,
"https://adamlink.nl/geo/street/bokkinghangen/527",,,"yes",,,,
"https://adamlink.nl/geo/street/bonnettengang/6740",,,,"yes","yes","no",
"https://adamlink.nl/geo/street/bontekalfsvelsgang/7838",,,,"yes",,,
"https://adamlink.nl/geo/street/bontekoegang/6945",,,,"yes",,,
"https://adamlink.nl/geo/street/bontwerkersgang/6839",,,,"yes",,,
"https://adamlink.nl/geo/street/boompjesgang/7839",,,,"yes",,,
"https://adamlink.nl/geo/street/boomsteeg/542",,"yes","yes",,,,
"https://adamlink.nl/geo/street/boomstraat/543",,"yes","yes",,,,
"https://adamlink.nl/geo/street/bossengang/6870",,,,"yes","no",,
"https://adamlink.nl/geo/street/boter-en-kaasgang/6672",,,,"yes","yes","no",
"https://adamlink.nl/geo/street/botertonsgang/7840",,,,"yes",,,
"https://adamlink.nl/geo/street/brabantspad/6990","yes","no",,,,,
"https://adamlink.nl/geo/street/brandersgang/7841",,,,"yes",,,
"https://adamlink.nl/geo/street/brandewijnsteeg/595",,"yes","yes",,,,
"https://adamlink.nl/geo/street/brandewyns-steeg/5455",,"yes","yes","yes",,,
"https://adamlink.nl/geo/street/brandgang/7842",,,,"yes",,,
"https://adamlink.nl/geo/street/brederosgang/7843",,,,"yes",,,
"https://adamlink.nl/geo/street/breestraat/6973","yes","no",,,,,
"https://adamlink.nl/geo/street/bremertuin/7844",,,,"yes",,,
"https://adamlink.nl/geo/street/brillengang/6668",,,,"yes","yes","no",
"https://adamlink.nl/geo/street/brouwersgracht/623",,"yes",,,,,
"https://adamlink.nl/geo/street/brouwerssteeg/5723",,"yes","yes",,,,
"https://adamlink.nl/geo/street/brouwersstraat/7056",,,"yes",,,,
"https://adamlink.nl/geo/street/brownisten-gang/5417",,,,"yes",,,
"https://adamlink.nl/geo/street/buiten-bantammerstraat/639",,,"yes",,,,
"https://adamlink.nl/geo/street/burgergang/7846",,,,"yes",,,
"https://adamlink.nl/geo/street/buyssestraat/7018",,"yes","yes",,,,
"https://adamlink.nl/geo/street/cellebroerssteeg/725",,"yes","yes",,,,
"https://adamlink.nl/geo/street/corteinspad/6982","yes","no",,,,,
"https://adamlink.nl/geo/street/cruys-pad/6979","yes","no",,,,,
"https://adamlink.nl/geo/street/dam/880","yes","yes",,,,,
"https://adamlink.nl/geo/street/damrak/882","yes","yes",,,,,
"https://adamlink.nl/geo/street/damraksteeg/883",,"yes","yes",,,,
"https://adamlink.nl/geo/street/damsluis/6027",,"yes",,,,,
"https://adamlink.nl/geo/street/damstraat/884","yes","yes","yes",,,,
"https://adamlink.nl/geo/street/dankelmansgang/7044",,,,"yes",,,
"https://adamlink.nl/geo/street/danswijkersgang/6864",,,,"yes","no",,
"https://adamlink.nl/geo/street/de-hel/7009",,"yes","yes",,,,
"https://adamlink.nl/geo/street/delftse-veer/7047",,"yes",,,,,
"https://adamlink.nl/geo/street/derde-goudsbloemdwarsstraat/964",,,"yes",,,,
"https://adamlink.nl/geo/street/derde-kattenburgerdwarsstraat/5734",,,"yes",,,,
"https://adamlink.nl/geo/street/derde-klooster/5440",,,"yes",,,,
"https://adamlink.nl/geo/street/derde-leliedwarsstraat/969",,,"yes",,,,
"https://adamlink.nl/geo/street/derde-looiersdwarsstraat/970",,"yes",,,,,
"https://adamlink.nl/geo/street/deventer-houtmarkt/6119","yes","yes",,,,,
"https://adamlink.nl/geo/street/dijkdwarsstraat/1004",,"yes","yes",,,,
"https://adamlink.nl/geo/street/dijkstraat/1009","yes","yes","yes",,,,
"https://adamlink.nl/geo/street/dirk-van-hasseltssteeg/1026",,"yes","yes",,,,
"https://adamlink.nl/geo/street/disselgang-eerste/7848",,,,"yes",,,
"https://adamlink.nl/geo/street/disselgang-tweede/7849",,,,"yes",,,
"https://adamlink.nl/geo/street/doelenhofje-oude/7850",,,,"yes",,,
"https://adamlink.nl/geo/street/dolfijnengang/6342",,,,"yes","yes","no",
"https://adamlink.nl/geo/street/dollebegijnensteeg/1055",,"yes","yes",,,,
"https://adamlink.nl/geo/street/dolphijngang/6944",,,,"yes",,"yes","no"
"https://adamlink.nl/geo/street/donkere-gang/6821",,,,"yes","yes","no",
"https://adamlink.nl/geo/street/drie-aschtonnengang/6714",,,,"yes",,,
"https://adamlink.nl/geo/street/drie-engelengang/6927",,,,"yes",,"yes","no"
"https://adamlink.nl/geo/street/drie-hoedjesgang/6805",,,,"yes","no",,
"https://adamlink.nl/geo/street/drie-koningengang/6729",,,,,"yes","no",
"https://adamlink.nl/geo/street/drie-korenschoven-of-fortuinengang/6703",,,,"yes","yes","no",
"https://adamlink.nl/geo/street/drie-leligang/6880",,,,"yes","yes","no",
"https://adamlink.nl/geo/street/drie-rijstbossengang/6943",,,,"yes","no",,
"https://adamlink.nl/geo/street/drie-roemersgang/6038",,,,"yes",,,
"https://adamlink.nl/geo/street/drie-roemersgang/6811",,,,"yes",,,
"https://adamlink.nl/geo/street/drie-spaarpottengang/6841",,,,,"yes","no",
"https://adamlink.nl/geo/street/driehoekstraat/1095",,,"yes",,,,
"https://adamlink.nl/geo/street/driekaartengang/6669",,,,"yes","yes","no",
"https://adamlink.nl/geo/street/driekoningenstraat/1096",,"yes","yes",,,,
"https://adamlink.nl/geo/street/driemorianengang/7851",,,,"yes",,,
"https://adamlink.nl/geo/street/drieringengang/7852",,,,"yes",,,
"https://adamlink.nl/geo/street/dubbele-gang/6780",,,,"yes",,,
"https://adamlink.nl/geo/street/dubbele-sterrengang/6678",,,,"yes","yes","no",
"https://adamlink.nl/geo/street/dubbele-zoutzaksteeg/6840",,,,"yes",,,
"https://adamlink.nl/geo/street/dubbeleworststeeg/1105",,,"yes",,,,
"https://adamlink.nl/geo/street/duifjesgang/6671",,,,"yes","no",,
"https://adamlink.nl/geo/street/duifjesgang/7853",,,,"yes",,,
"https://adamlink.nl/geo/street/duifjessteeg/1112",,,"yes",,,,
"https://adamlink.nl/geo/street/duivengang/5699",,,,"yes","yes","no",
"https://adamlink.nl/geo/street/duivengang/7666",,,,"yes",,,
"https://adamlink.nl/geo/street/duyven-steegje/5636",,"yes","yes",,,,
"https://adamlink.nl/geo/street/dwars-klooster/5729",,,"yes",,,,
"https://adamlink.nl/geo/street/dwars-spinhuissteeg/1132",,"yes","yes",,,,
"https://adamlink.nl/geo/street/eemnessenhofje/6918",,,,"yes","no",,
"https://adamlink.nl/geo/street/eendrachtsgang/7854",,,,"yes",,,
"https://adamlink.nl/geo/street/eenuursgang/6886",,,,,"yes","no",
"https://adamlink.nl/geo/street/eerste-anjeliersdwarsstraat/1166",,,"yes",,,,
"https://adamlink.nl/geo/street/eerste-batavierdwarsstraat/5720",,,"yes",,,,
"https://adamlink.nl/geo/street/eerste-bloemdwarsstraat/1168",,,"yes",,,,
"https://adamlink.nl/geo/street/eerste-boomdwarsstraat/1170",,,"yes",,,,
"https://adamlink.nl/geo/street/eerste-breeuwersstraat/1171",,,"yes",,,,
"https://adamlink.nl/geo/street/eerste-goudsbloemdwarsstraat/1177",,,"yes",,,,
"https://adamlink.nl/geo/street/eerste-jonkerdwarsstraat/7059",,,"yes",,,,
"https://adamlink.nl/geo/street/eerste-kattenburgerdwarsstraat/5735",,,"yes",,,,
"https://adamlink.nl/geo/street/eerste-leliedwarsstraat/1188",,,"yes",,,,
"https://adamlink.nl/geo/street/eerste-lindendwarsstraat/1189",,,"yes",,,,
"https://adamlink.nl/geo/street/eerste-looiersdwarsstraat/1190",,,"yes",,,,
"https://adamlink.nl/geo/street/eerste-passeerdersdwarsstraat/1195",,,"yes",,,,
"https://adamlink.nl/geo/street/eerste-ridderdwarsstraat/7060",,,"yes",,,,
"https://adamlink.nl/geo/street/egelantiersgracht/1209",,"yes",,,,,
"https://adamlink.nl/geo/street/egelantiersstraat/1210",,"yes","yes",,,,
"https://adamlink.nl/geo/street/elandsgang/6881",,,,"yes","yes","no",
"https://adamlink.nl/geo/street/elandsgracht/1231",,"yes",,,,,
"https://adamlink.nl/geo/street/elandsstraat/1232",,"yes","yes",,,,
"https://adamlink.nl/geo/street/elantssteeg/7022",,"yes",,,,,
"https://adamlink.nl/geo/street/elleboogsteeg/1241",,"yes","yes",,,,
"https://adamlink.nl/geo/street/enge-kapelsteeg/1257",,,"yes",,,,
"https://adamlink.nl/geo/street/enge-kapelsteeg/7026",,"yes","yes",,,,
"https://adamlink.nl/geo/street/enge-kerksteeg/1258",,"yes","yes",,,,
"https://adamlink.nl/geo/street/enge-lombardsteeg/1259",,"yes","yes",,,,
"https://adamlink.nl/geo/street/engelengang/6753",,,,"yes",,"yes","no"
"https://adamlink.nl/geo/street/engelengang/7855",,,,"yes",,,
"https://adamlink.nl/geo/street/engelgabrielsgang/7856",,,,"yes",,,
"https://adamlink.nl/geo/street/engelschepoort/7858",,,,"yes",,,
"https://adamlink.nl/geo/street/engelschmanssteeg/7859",,,,"yes",,,
"https://adamlink.nl/geo/street/engelse-pelgrimsteeg/1260",,"yes","yes",,,,
"https://adamlink.nl/geo/street/evangelisch-luthers-diaconiehofje/6844",,,,"yes",,,
"https://adamlink.nl/geo/street/fenijnighsteeghjen/5645",,"yes","yes",,,,
"https://adamlink.nl/geo/street/fikkengang/6685",,,,"yes","no",,
"https://adamlink.nl/geo/street/flipjesgang/7860",,,,"yes",,,
"https://adamlink.nl/geo/street/foeliedwarsstraat/1348",,,"yes",,,,
"https://adamlink.nl/geo/street/foelieslagersgang/6804",,,,"yes",,,
"https://adamlink.nl/geo/street/foeliestraat/1349",,,"yes",,,,
"https://adamlink.nl/geo/street/fonteinengang/6920",,,,"yes",,"yes","no"
"https://adamlink.nl/geo/street/fontijnengang/6888",,,,"yes","yes","no",
"https://adamlink.nl/geo/street/fortuinengang/6057",,,,"yes","yes","no",
"https://adamlink.nl/geo/street/fortuinengang/6916",,,,,"yes","no",
"https://adamlink.nl/geo/street/fortuinengang/7861",,,,"yes",,,
"https://adamlink.nl/geo/street/fortuinengang/7862",,,,"yes",,,
"https://adamlink.nl/geo/street/fortuinengang/7863",,,,"yes",,,
"https://adamlink.nl/geo/street/fortuinengang/7864",,,,"yes",,,
"https://adamlink.nl/geo/street/fortuinengang/7865",,,,"yes",,,
"https://adamlink.nl/geo/street/frederiksgang/7866",,,,"yes",,,
"https://adamlink.nl/geo/street/friescheboerengang/7867",,,,"yes",,,
"https://adamlink.nl/geo/street/friese-korenmarkt/6976","yes","no",,,,,
"https://adamlink.nl/geo/street/friezengang-oude/7869",,,,"yes",,,
"https://adamlink.nl/geo/street/gabrielsgang/6813",,,,"yes","no",,
"https://adamlink.nl/geo/street/galgenstraat/1422",,,"yes",,,,
"https://adamlink.nl/geo/street/gang-aan-de-heilige-weg/7036",,,,"yes",,,
"https://adamlink.nl/geo/street/gansoord/6996",,"yes","yes",,,,
"https://adamlink.nl/geo/street/gapersgang/6902",,,,,"yes","no",
"https://adamlink.nl/geo/street/gapersteeg/1436",,"yes","yes",,,,
"https://adamlink.nl/geo/street/gasthuismolensteeg/1439",,"yes","yes",,,,
"https://adamlink.nl/geo/street/gasthuissteeg/5845",,"yes","yes",,,,
"https://adamlink.nl/geo/street/gebed-zonder-end/1441",,"yes","yes",,,,
"https://adamlink.nl/geo/street/geelvinck-dwarssteeg/5430",,"yes","yes","yes",,,
"https://adamlink.nl/geo/street/geelvinckssteeg/1449",,"yes","yes",,,,
"https://adamlink.nl/geo/street/geldersekade/1459","yes","yes",,,,,
"https://adamlink.nl/geo/street/geldersesteeg/1460",,"yes","yes",,,,
"https://adamlink.nl/geo/street/gierstbalengang/6726",,,,"yes",,"yes","no"
"https://adamlink.nl/geo/street/gijzelaarsgang/6713",,,,"yes","yes","no",
"https://adamlink.nl/geo/street/glazenmakersgang/6826",,,,"yes","yes","no",
"https://adamlink.nl/geo/street/glazenmakersgang/7871",,,,"yes",,,
"https://adamlink.nl/geo/street/glazenmakersgang/7872",,,,"yes",,,
"https://adamlink.nl/geo/street/gooierssteeg/7672",,,,"yes",,,
"https://adamlink.nl/geo/street/gooijerssteeg/5840",,"yes","yes",,,,
"https://adamlink.nl/geo/street/gordijnensteeg/1527",,"yes","yes",,,,
"https://adamlink.nl/geo/street/goudbergssteegje/7673",,,,"yes",,,
"https://adamlink.nl/geo/street/goudenkopsteeg/7020",,"yes",,,,,
"https://adamlink.nl/geo/street/goudevoetsgang/6696",,,,"yes",,,
"https://adamlink.nl/geo/street/goudsbloemgang/6290",,,,"yes","no",,
"https://adamlink.nl/geo/street/goudsbloemstraat/1537",,"yes","yes",,,,
"https://adamlink.nl/geo/street/goudsblom-steeg/5660",,"yes","yes",,,,
"https://adamlink.nl/geo/street/goudslagersgang/7873",,,,"yes",,,
"https://adamlink.nl/geo/street/gouwenaarssteeg/1538",,"yes","yes",,,,
"https://adamlink.nl/geo/street/graaf-van-emdergang/6723",,,,"yes",,,
"https://adamlink.nl/geo/street/graatboogsgang/6100",,,,"yes",,,
"https://adamlink.nl/geo/street/grauwepoort/7875",,,,"yes",,,
"https://adamlink.nl/geo/street/grauwmonnikenklooster/7876",,,,"yes",,,
"https://adamlink.nl/geo/street/gravenstraat/1553",,"yes","yes",,,,
"https://adamlink.nl/geo/street/grimnessersluis/5701",,"yes","yes",,,,
"https://adamlink.nl/geo/street/groenburgwal/1564","yes","yes",,,,,
"https://adamlink.nl/geo/street/groenekaarssteeg/7021",,"yes",,,,,
"https://adamlink.nl/geo/street/groeneliestegang/7877",,,,"yes",,,
"https://adamlink.nl/geo/street/groenengang/6820",,,,"yes","no",,
"https://adamlink.nl/geo/street/groot-hemelrijk/6948",,"yes","yes",,,,
"https://adamlink.nl/geo/street/grote-bickersstraat/1590",,,"yes",,,,
"https://adamlink.nl/geo/street/grote-houtstraat/5670",,,"yes",,,,
"https://adamlink.nl/geo/street/grote-kattenburgerstraat/6954",,,"yes",,,,
"https://adamlink.nl/geo/street/grote-wittenburgerstraat/1596",,,"yes",,,,
"https://adamlink.nl/geo/street/gruttersgang/6104",,,,"yes","yes","no",
"https://adamlink.nl/geo/street/gruttersgang/6800",,,,"yes",,,
"https://adamlink.nl/geo/street/gruttersgang/6845",,,,"yes",,,
"https://adamlink.nl/geo/street/gruttersgang/6859",,,,"yes",,,
"https://adamlink.nl/geo/street/gruttersgang/6905",,,,"yes","no",,
"https://adamlink.nl/geo/street/gruttersgang/7878",,,,"yes",,,
"https://adamlink.nl/geo/street/gruttersgang/7879",,,,"yes",,,
"https://adamlink.nl/geo/street/gruttersgang/7880",,,,"yes",,,
"https://adamlink.nl/geo/street/guldehandsteeg/1603",,"yes","yes","yes",,,
"https://adamlink.nl/geo/street/haagse-veer/7048",,"yes",,,,,
"https://adamlink.nl/geo/street/haarlemmerdijk/1626","yes","yes","yes",,,,
"https://adamlink.nl/geo/street/haarlemmerstraat/1629","yes","yes","yes",,,,
"https://adamlink.nl/geo/street/hakenmakersgang/7881",,,,"yes",,,
"https://adamlink.nl/geo/street/halvemaansteeg/1644",,"yes","yes",,,,
"https://adamlink.nl/geo/street/hameeterssteeghje/5649",,"yes","yes",,,,
"https://adamlink.nl/geo/street/hammegang/6849",,,,"yes",,,
"https://adamlink.nl/geo/street/handboogstraat/1653",,,"yes",,,,
"https://adamlink.nl/geo/street/hanemattengang/6112",,,,"yes",,,
"https://adamlink.nl/geo/street/hardebollengang/7883",,,,"yes",,,
"https://adamlink.nl/geo/street/haringgang/7884",,,,"yes",,,
"https://adamlink.nl/geo/street/haringpakkerij/5676","yes","yes",,,,,
"https://adamlink.nl/geo/street/haringpakkerssteeg/1666",,"yes","yes",,,,
"https://adamlink.nl/geo/street/harmen-kostersgang/6735",,,,"yes",,"yes","no"
"https://adamlink.nl/geo/street/hartenstraat/1676",,"yes","yes",,,,
"https://adamlink.nl/geo/street/hartjesgang/7885",,,,"yes",,,
"https://adamlink.nl/geo/street/hartshoorngang/6113",,,,"yes",,,
"https://adamlink.nl/geo/street/hasselaerssteeg/1679",,"yes","yes",,,,
"https://adamlink.nl/geo/street/haverkampgang/6738",,,,"yes",,,
"https://adamlink.nl/geo/street/hazenstraat/1693",,,"yes",,,,
"https://adamlink.nl/geo/street/heilige-weg/6992","yes","yes",,,,,
"https://adamlink.nl/geo/street/heiligeweg/1705",,"yes","yes",,,,
"https://adamlink.nl/geo/street/heiligewegspoort/6126",,"yes",,,,,
"https://adamlink.nl/geo/street/heiligewegssluis/6127",,"yes",,,,,
"https://adamlink.nl/geo/street/heintje-hoekssteeg/1708",,"yes","yes",,,,
"https://adamlink.nl/geo/street/heisteeg/1710",,"yes","yes",,,,
"https://adamlink.nl/geo/street/helmengang/7887",,,,"yes",,,
"https://adamlink.nl/geo/street/herengracht/1768",,"yes",,,,,
"https://adamlink.nl/geo/street/herenmarkt/1769",,"yes",,,,,
"https://adamlink.nl/geo/street/herenstraat/1770",,"yes","yes",,,,
"https://adamlink.nl/geo/street/hermietenstraat/1785",,"yes","yes",,,,
"https://adamlink.nl/geo/street/hoedengang/7888",,,,"yes",,,
"https://adamlink.nl/geo/street/hoedenmakersgang/6116",,,,"yes","yes","no",
"https://adamlink.nl/geo/street/hoedenmakersgang/6851",,,,"yes","yes","no",
"https://adamlink.nl/geo/street/hoedenmakersgang/7889",,,,"yes",,,
"https://adamlink.nl/geo/street/hoedenmakersgang/7890",,,,"yes",,,
"https://adamlink.nl/geo/street/hoedenmakersgang/7891",,,,"yes",,,
"https://adamlink.nl/geo/street/hoedenmakershofje/6830",,,,"yes","yes","no",
"https://adamlink.nl/geo/street/hoefijzersgang/7892",,,,"yes",,,
"https://adamlink.nl/geo/street/hoeksteenengang/6124",,,,,"yes","no",
"https://adamlink.nl/geo/street/hoerenpad/6967","yes","no",,,,,
"https://adamlink.nl/geo/street/holmanssteeg/7007",,"yes",,,,,
"https://adamlink.nl/geo/street/hondengang/7893",,,,"yes",,,
"https://adamlink.nl/geo/street/hondjesgang/7894",,,,"yes",,,
"https://adamlink.nl/geo/street/hoogeboomsgang/7895",,,,"yes",,,
"https://adamlink.nl/geo/street/hoogkamersgang/5639",,,,"yes",,,
"https://adamlink.nl/geo/street/hoopsgang/7896",,,,"yes",,,
"https://adamlink.nl/geo/street/houte-wambeyssteeg/7015",,"yes",,,,,
"https://adamlink.nl/geo/street/houtekamsgang/6712",,,,"yes","yes","no",
"https://adamlink.nl/geo/street/houtkoopersgang/6790",,,,"yes",,"yes","no"
"https://adamlink.nl/geo/street/houtkopersdwarsstraat/1894",,,"yes",,,,
"https://adamlink.nl/geo/street/houttuinen/6978","yes","no",,,,,
"https://adamlink.nl/geo/street/houtzagersgang/6724",,,,"yes","no",,
"https://adamlink.nl/geo/street/houtzagersgang/7897",,,,"yes",,,
"https://adamlink.nl/geo/street/houtzagerssteeg/7898",,,,"yes",,,
"https://adamlink.nl/geo/street/huidenstraat/1913",,"yes","yes",,,,
"https://adamlink.nl/geo/street/huiszittensteeg/5675",,"yes","yes",,,,
"https://adamlink.nl/geo/street/jan-de-vriesen-steeg/5637",,"yes",,,,,
"https://adamlink.nl/geo/street/jan-hanzenpad/6105","yes","no",,,,,
"https://adamlink.nl/geo/street/jan-krimpengang/2061",,,,"yes",,,
"https://adamlink.nl/geo/street/jeremisegang/7686",,,,"yes",,,
"https://adamlink.nl/geo/street/jeroenengang/7900",,,,"yes",,,
"https://adamlink.nl/geo/street/jeroenensteeg/2133",,,"yes",,,,
"https://adamlink.nl/geo/street/joden-houttuinen/2157","yes","yes",,,,,
"https://adamlink.nl/geo/street/jodenbreestraat/2158",,,"yes",,,,
"https://adamlink.nl/geo/street/jonasgang/7901",,,,"yes",,,
"https://adamlink.nl/geo/street/jonge-roelensteeg/2221",,"yes","yes",,,,
"https://adamlink.nl/geo/street/jonicasgang/7902",,,,"yes",,,
"https://adamlink.nl/geo/street/jonkerstraat/6953","yes","yes","yes",,,,
"https://adamlink.nl/geo/street/joormansgang/7903",,,,"yes",,,
"https://adamlink.nl/geo/street/juweelengang/7904",,,,"yes",,,
"https://adamlink.nl/geo/street/kaarsenmakersgang/6921",,,,"yes","yes","no",
"https://adamlink.nl/geo/street/kaaskoopersgang/6346",,,,"yes",,,
"https://adamlink.nl/geo/street/kaatsbaanpad/6153","yes","no",,,,,
"https://adamlink.nl/geo/street/kaatsbaanssteeg/7906",,,,"yes",,,
"https://adamlink.nl/geo/street/kaatsballengang/6861",,,,"yes",,,
"https://adamlink.nl/geo/street/kadijk/5871",,"yes",,,,,
"https://adamlink.nl/geo/street/kalfsvellengang/6917",,,,"yes","no",,
"https://adamlink.nl/geo/street/kalfsvelsteeg/2265",,"yes","yes",,,,
"https://adamlink.nl/geo/street/kalvergang/7907",,,,"yes",,,
"https://adamlink.nl/geo/street/kalvergang/7908",,,,"yes",,,
"https://adamlink.nl/geo/street/kalverstraat/2269","yes","yes","yes",,,,
"https://adamlink.nl/geo/street/kamperhoofd/5681","yes","yes",,,,,
"https://adamlink.nl/geo/street/kampersteiger/6355","yes","no",,,,,
"https://adamlink.nl/geo/street/kanjersgang/7909",,,,"yes",,,
"https://adamlink.nl/geo/street/kardoeskokersgangkardoezengang/7910",,,,"yes",,,
"https://adamlink.nl/geo/street/karnemelksteeg/2298",,"yes","yes",,,,
"https://adamlink.nl/geo/street/karseboomenhofje/6741",,,,"yes","yes","no",
"https://adamlink.nl/geo/street/karthuizersdwarsstraat/2304",,,"yes",,,,
"https://adamlink.nl/geo/street/karthuizersstraat/2307",,"yes","yes",,,,
"https://adamlink.nl/geo/street/kastenmakersgang/7911",,,,"yes",,,
"https://adamlink.nl/geo/street/katersgang/7912",,,,"yes",,,
"https://adamlink.nl/geo/street/katersteeg/5663",,"yes","yes",,,,
"https://adamlink.nl/geo/street/katrijnengang/6688",,,,"yes","no",,
"https://adamlink.nl/geo/street/kattengang/7913",,,,"yes",,,
"https://adamlink.nl/geo/street/kattengat/2322",,"yes","yes",,,,
"https://adamlink.nl/geo/street/keizerrijk/2336",,"yes","yes",,,,
"https://adamlink.nl/geo/street/keizersgracht/2337",,"yes",,,,,
"https://adamlink.nl/geo/street/keizershof/7694",,,,"yes",,,
"https://adamlink.nl/geo/street/keizershof/7914",,,,"yes",,,
"https://adamlink.nl/geo/street/keizershofje/6812",,,,"yes",,,
"https://adamlink.nl/geo/street/keizersstraat/2338","yes","yes","yes",,,,
"https://adamlink.nl/geo/street/kennisgang/6858",,,,"yes",,,
"https://adamlink.nl/geo/street/kerkgang/7915",,,,"yes",,,
"https://adamlink.nl/geo/street/kerkgang/7916",,,,"yes",,,
"https://adamlink.nl/geo/street/kerkkroonengang/6908",,,,,"yes","no",
"https://adamlink.nl/geo/street/kerkstraat/2355",,,"yes",,,,
"https://adamlink.nl/geo/street/kerregang/7917",,,,"yes",,,
"https://adamlink.nl/geo/street/ketelgang/7918",,,,"yes",,,
"https://adamlink.nl/geo/street/ketelverhuurdersgang/7920",,,,"yes",,,
"https://adamlink.nl/geo/street/keulengang/7921",,,,"yes",,,
"https://adamlink.nl/geo/street/kikkersgang/7922",,,,"yes",,,
"https://adamlink.nl/geo/street/kippengang/7923",,,,"yes",,,
"https://adamlink.nl/geo/street/kippengang/7924",,,,"yes",,,
"https://adamlink.nl/geo/street/kistenmakersgang/7925",,,,"yes",,,
"https://adamlink.nl/geo/street/klaverbladgang/6878",,,,"yes","no",,
"https://adamlink.nl/geo/street/klaverbladsgang/7926",,,,"yes",,,
"https://adamlink.nl/geo/street/klaverbladshofje/7927",,,,"yes",,,
"https://adamlink.nl/geo/street/klavergang/7928",,,,"yes",,,
"https://adamlink.nl/geo/street/klein-hemelrijk/5740",,"yes","yes",,,,
"https://adamlink.nl/geo/street/kleine-bickersstraat/2390",,,"yes",,,,
"https://adamlink.nl/geo/street/kleine-kattenburger-straat/5653",,,"yes",,,,
"https://adamlink.nl/geo/street/kleine-wagenstraat/7010",,"yes",,,,,
"https://adamlink.nl/geo/street/kleine-wittenburgerstraat/2397",,,"yes",,,,
"https://adamlink.nl/geo/street/kleyne-kruys-steeg/5641",,"yes","yes",,,,
"https://adamlink.nl/geo/street/klimopstraatje/2401",,"yes","yes",,,,
"https://adamlink.nl/geo/street/klokkegang/5844",,"yes","yes","yes",,,
"https://adamlink.nl/geo/street/klokkengang/6794",,,,,"yes","no",
"https://adamlink.nl/geo/street/klokkengang/6828",,,,"yes",,"yes","no"
"https://adamlink.nl/geo/street/klokkengang/6850",,,,"yes",,,
"https://adamlink.nl/geo/street/klokkengang/7930",,,,"yes",,,
"https://adamlink.nl/geo/street/klokkengang/7931",,,,"yes",,,
"https://adamlink.nl/geo/street/klooster/6675",,,,,"yes","no",
"https://adamlink.nl/geo/street/kloppergang/6825",,,,"yes","yes","no",
"https://adamlink.nl/geo/street/kloveniersburgwal/2409","yes","no",,,,,
"https://adamlink.nl/geo/street/klovenierssteeg/2410",,"yes","yes",,,,
"https://adamlink.nl/geo/street/knollengang/6922",,,,"yes",,"yes","no"
"https://adamlink.nl/geo/street/knoopmakersgang/7933",,,,"yes",,,
"https://adamlink.nl/geo/street/koehoudersgang/7934",,,,"yes",,,
"https://adamlink.nl/geo/street/koekenbakkersgang/6788",,,,"yes",,,
"https://adamlink.nl/geo/street/koestraat/2424",,"yes","yes",,,,
"https://adamlink.nl/geo/street/koks-steeg/5474",,"yes","yes",,,,
"https://adamlink.nl/geo/street/kolengang/6691",,,,"yes","yes","no",
"https://adamlink.nl/geo/street/kolksteeg/2432",,"yes","yes",,,,
"https://adamlink.nl/geo/street/kollegat-steeg/5657",,,"yes",,,,
"https://adamlink.nl/geo/street/kombuizengang/6680",,,,"yes",,,
"https://adamlink.nl/geo/street/komediegang/7937",,,,"yes",,,
"https://adamlink.nl/geo/street/konijnenbergsgang/6819",,,,"yes","yes","no",
"https://adamlink.nl/geo/street/konijnenholsgang/7944",,,,"yes",,,
"https://adamlink.nl/geo/street/konijnenstraat/2438",,,"yes",,,,
"https://adamlink.nl/geo/street/koningdavidsgang/7939",,,,"yes",,,
"https://adamlink.nl/geo/street/koningsalomosgang/7940",,,,"yes",,,
"https://adamlink.nl/geo/street/koningsalomosgang/7941",,,,"yes",,,
"https://adamlink.nl/geo/street/koningsgang/7942",,,,"yes",,,
"https://adamlink.nl/geo/street/koningsstraat/2446","yes","yes","yes",,,,
"https://adamlink.nl/geo/street/koningwilliamsgang/7943",,,,"yes",,,
"https://adamlink.nl/geo/street/koninsgang/6915",,,,"yes",,,
"https://adamlink.nl/geo/street/koolengang/7945",,,,"yes",,,
"https://adamlink.nl/geo/street/koopmansgang/7946",,,,"yes",,,
"https://adamlink.nl/geo/street/koorndragersgang/6667",,,,"yes","yes","no",
"https://adamlink.nl/geo/street/koorndragersgang/6867",,,,"yes","no",,
"https://adamlink.nl/geo/street/koperslagersgang/6739",,,,"yes",,"yes","no"
"https://adamlink.nl/geo/street/koperslagersgang/6899",,,,"yes","no",,
"https://adamlink.nl/geo/street/koppengang/7948",,,,"yes",,,
"https://adamlink.nl/geo/street/korendragers-steeghje/5638",,"yes","yes",,,,
"https://adamlink.nl/geo/street/korendragersgang/7949",,,,"yes",,,
"https://adamlink.nl/geo/street/korenziftersgang/7950",,,,"yes",,,
"https://adamlink.nl/geo/street/korsjespoortsteeg/2460",,,"yes",,,,
"https://adamlink.nl/geo/street/korte-dijkstraat/2464",,,"yes",,,,
"https://adamlink.nl/geo/street/korte-gasthuismolensteeg/7008",,"yes","yes",,,,
"https://adamlink.nl/geo/street/korte-houtstraat/5643",,,"yes",,,,
"https://adamlink.nl/geo/street/korte-huiszittensteeg/5674",,,"yes",,,,
"https://adamlink.nl/geo/street/korte-keizersdwarsstraat/2469",,"yes","yes",,,,
"https://adamlink.nl/geo/street/korte-keizersstraat/2470",,"yes","yes",,,,
"https://adamlink.nl/geo/street/korte-kolksteeg/2471",,"yes","yes",,,,
"https://adamlink.nl/geo/street/korte-koningsdwarsstraat/2472",,"yes","yes",,,,
"https://adamlink.nl/geo/street/korte-koningsstraat/2473",,"yes","yes",,,,
"https://adamlink.nl/geo/street/korte-korsjespoortsteeg/2474",,"yes","yes",,,,
"https://adamlink.nl/geo/street/korte-kromme-tuinstraat/7053",,,"yes",,,,
"https://adamlink.nl/geo/street/korte-leidsedwarsstraat/2475",,,"yes",,,,
"https://adamlink.nl/geo/street/korte-lijnbaanssteeg/2477",,"yes","yes",,,,
"https://adamlink.nl/geo/street/korte-niezel/2481",,"yes","yes",,,,
"https://adamlink.nl/geo/street/korte-reguliersdwarsstraat/2485",,,"yes",,,,
"https://adamlink.nl/geo/street/kramersgang/6178",,,,"yes",,,
"https://adamlink.nl/geo/street/kramersgang/6938",,,,"yes",,,
"https://adamlink.nl/geo/street/kramersgang/7951",,,,"yes",,,
"https://adamlink.nl/geo/street/kreupelsteeg/2533",,"yes","yes",,,,
"https://adamlink.nl/geo/street/krom-boomssloot/2539",,"yes",,,,,
"https://adamlink.nl/geo/street/kromelleboogsteeg/2541",,"yes","yes",,,,
"https://adamlink.nl/geo/street/kromhoutsgang/7952",,,,"yes",,,
"https://adamlink.nl/geo/street/kromme-palmstraat/2544",,,"yes",,,,
"https://adamlink.nl/geo/street/kromme-tuynstraat/5647",,,"yes",,,"yes","no"
"https://adamlink.nl/geo/street/krommert/6151",,,,,"yes","no",
"https://adamlink.nl/geo/street/kruiersgang/7953",,,,"yes",,,
"https://adamlink.nl/geo/street/kruiwagensgang/7954",,,,"yes",,,
"https://adamlink.nl/geo/street/kuipersgang/6161",,,,"yes","yes","no",
"https://adamlink.nl/geo/street/kuipersgang/6704",,,,"yes","yes","no",
"https://adamlink.nl/geo/street/kuipersgang/6752",,,,"yes","yes","no",
"https://adamlink.nl/geo/street/kuipersgang/6758",,,,"yes","no",,
"https://adamlink.nl/geo/street/kuipersgang/6807",,,,"yes",,,
"https://adamlink.nl/geo/street/kuipersgang/6855",,,,"yes","yes","no",
"https://adamlink.nl/geo/street/kuipersgang/6893",,,,"yes","no",,
"https://adamlink.nl/geo/street/kuipersgang/6901",,,,"yes","no",,
"https://adamlink.nl/geo/street/kuipersgang/6928",,,,"yes","yes","no",
"https://adamlink.nl/geo/street/kuipersgang/7955",,,,"yes",,,
"https://adamlink.nl/geo/street/kuipersgang/7956",,,,"yes",,,
"https://adamlink.nl/geo/street/kuipersgang/7958",,,,"yes",,,
"https://adamlink.nl/geo/street/kuiperssteeg/2567",,"yes","yes",,,,
"https://adamlink.nl/geo/street/lakmoesgang/6730",,,,"yes",,,
"https://adamlink.nl/geo/street/lammersteeg/7019",,"yes","yes",,,,
"https://adamlink.nl/geo/street/land-van-beloften-steeg/5615",,"yes","yes",,,,
"https://adamlink.nl/geo/street/landvbeloftengang/7959",,,,"yes",,,
"https://adamlink.nl/geo/street/lange-houtstraat/6358",,,"yes",,,,
"https://adamlink.nl/geo/street/lange-keizersdwarsstraat/2608",,,"yes",,,,
"https://adamlink.nl/geo/street/lange-leidsedwarsstraat/2609",,,"yes",,,,
"https://adamlink.nl/geo/street/lange-niezel/2610",,"yes","yes",,,,
"https://adamlink.nl/geo/street/langeaardegang/7960",,,,"yes",,,
"https://adamlink.nl/geo/street/langebrugsteeg/2614",,"yes","yes",,,,
"https://adamlink.nl/geo/street/langestraat/2616","yes","yes","yes",,,,
"https://adamlink.nl/geo/street/lauriergracht/2630",,"yes",,,,,
"https://adamlink.nl/geo/street/laurierstraat/2632",,"yes","yes",,,,
"https://adamlink.nl/geo/street/lavendelstraat/7054",,,"yes",,,,
"https://adamlink.nl/geo/street/lazarussteeg/5748",,"yes","yes",,,,
"https://adamlink.nl/geo/street/leertouwersgang/7712",,,,"yes",,,
"https://adamlink.nl/geo/street/leeuwengang/7961",,,,"yes",,,
"https://adamlink.nl/geo/street/leger-steeg/5489",,"yes","yes","yes",,,
"https://adamlink.nl/geo/street/leidekkersgang/6183",,,,"yes","yes","no",
"https://adamlink.nl/geo/street/leidekkerssteeg/2655",,"yes","yes",,,,
"https://adamlink.nl/geo/street/leidse-veer/6961",,"yes",,,,,
"https://adamlink.nl/geo/street/leidsekruisstraat/2660",,,"yes",,,,
"https://adamlink.nl/geo/street/leidsestraat/2662",,,"yes",,,,
"https://adamlink.nl/geo/street/leliegracht/2668",,"yes",,,,,
"https://adamlink.nl/geo/street/leliengang/7962",,,,"yes",,,
"https://adamlink.nl/geo/street/leliengang/7963",,,,"yes",,,
"https://adamlink.nl/geo/street/leliepad/6186",,"yes",,,,,
"https://adamlink.nl/geo/street/lepelstraat/2679",,,"yes",,,,
"https://adamlink.nl/geo/street/liefdegang/6744",,,,"yes","yes","no",
"https://adamlink.nl/geo/street/liefdegang/7964",,,,"yes",,,
"https://adamlink.nl/geo/street/lijnbaansgracht/2698",,"yes",,,,,
"https://adamlink.nl/geo/street/lijnbaanspad/6981","yes","no",,,,,
"https://adamlink.nl/geo/street/lijnbaanssteeg/2699",,"yes","yes",,,,
"https://adamlink.nl/geo/street/lijnbaansstraat/2700",,,,"yes",,,
"https://adamlink.nl/geo/street/lindeboomsgang/6925",,,,,"yes","no",
"https://adamlink.nl/geo/street/lindeboomsgang/7965",,,,"yes",,,
"https://adamlink.nl/geo/street/lindeboomsgang/7966",,,,"yes",,,
"https://adamlink.nl/geo/street/lindenboomengang/6748",,,,"yes",,,
"https://adamlink.nl/geo/street/lindengracht/2707",,"yes",,,,,
"https://adamlink.nl/geo/street/lindenstraat/2708",,"yes","yes",,,,
"https://adamlink.nl/geo/street/lombardshofje/7967",,,,"yes",,,
"https://adamlink.nl/geo/street/londense-kaai/6975","yes","no",,,,,
"https://adamlink.nl/geo/street/loodgietersgang/6831",,,,"yes","yes","no",
"https://adamlink.nl/geo/street/looiersgracht/2747",,"yes",,,,,
"https://adamlink.nl/geo/street/lubbertjesgang/6673",,,,"yes","yes","no",
"https://adamlink.nl/geo/street/madelievenstraat/2811",,,"yes",,,,
"https://adamlink.nl/geo/street/mandemakers-steeg/5648",,"yes","yes",,,,
"https://adamlink.nl/geo/street/mandemakersgang/5426",,,,"yes",,,
"https://adamlink.nl/geo/street/mandemakerssteeg/7017",,"yes","yes",,,,
"https://adamlink.nl/geo/street/mandenmakersgang/6195",,,,"yes",,"yes","no"
"https://adamlink.nl/geo/street/mandenmakerssteeg/2834",,"yes","yes",,,,
"https://adamlink.nl/geo/street/mankenaatjessteeg/7969",,,,"yes",,,
"https://adamlink.nl/geo/street/manskoppengang/7970",,,,"yes",,,
"https://adamlink.nl/geo/street/margrietenpad/6987","yes","no",,,,,
"https://adamlink.nl/geo/street/markensteeg/5621",,"yes","yes",,,,
"https://adamlink.nl/geo/street/mattengang/7972",,,,"yes",,,
"https://adamlink.nl/geo/street/medemblikkersgang/6695",,,,"yes","yes","no",
"https://adamlink.nl/geo/street/meerboersgang/7973",,,,"yes",,,
"https://adamlink.nl/geo/street/meester-louwensteegje/5836",,"yes",,"yes",,,
"https://adamlink.nl/geo/street/melkgang/7974",,,,"yes",,,
"https://adamlink.nl/geo/street/melkmeisjes-steeg/5468",,"yes","yes","yes",,,
"https://adamlink.nl/geo/street/melkmeisjesgang/5790",,,,"yes","yes","no",
"https://adamlink.nl/geo/street/melkmeisjesgang/6939",,,,"yes",,"yes","no"
"https://adamlink.nl/geo/street/melkmeisjessteeg/7011",,"yes",,,,,
"https://adamlink.nl/geo/street/messenmakersgang/7976",,,,"yes",,,
"https://adamlink.nl/geo/street/metselaarsgang/6201",,,,"yes","no",,
"https://adamlink.nl/geo/street/metselaarsgang/6848",,,,"yes",,"yes","no"
"https://adamlink.nl/geo/street/metzelaarsgang/6725",,,,"yes","no",,
"https://adamlink.nl/geo/street/metzelaarsgang/6941",,,,"yes",,,
"https://adamlink.nl/geo/street/middelpad/6993","yes","no",,,,,
"https://adamlink.nl/geo/street/midden-klooster/5752",,,"yes",,,,
"https://adamlink.nl/geo/street/minderbroederskloostersgang/7978",,,,"yes",,,
"https://adamlink.nl/geo/street/minnemoersstraat/2995",,,"yes",,,,
"https://adamlink.nl/geo/street/moddermansgang/6810",,,,"yes","no",,
"https://adamlink.nl/geo/street/moddermolensteeg/2999",,"yes","yes",,,,
"https://adamlink.nl/geo/street/molenpad/3016",,,"yes",,,,
"https://adamlink.nl/geo/street/molenpad/7038",,"yes",,,,,
"https://adamlink.nl/geo/street/molensteeg/3020",,"yes","yes",,,,
"https://adamlink.nl/geo/street/mollengang/6767",,,,"yes",,,
"https://adamlink.nl/geo/street/mollengang/7979",,,,"yes",,,
"https://adamlink.nl/geo/street/molsteeg/3022",,"yes","yes",,,,
"https://adamlink.nl/geo/street/monnikenstraat/3030",,"yes","yes",,,,
"https://adamlink.nl/geo/street/moordenaarsgang/7980",,,,"yes",,,
"https://adamlink.nl/geo/street/morellenboomengang/7981",,,,"yes",,,
"https://adamlink.nl/geo/street/moriaan-steeg/5436",,"yes","yes","yes",,,
"https://adamlink.nl/geo/street/mostardpothofje/6883",,,,"yes","yes","no",
"https://adamlink.nl/geo/street/mosterdmolensteeg/7982",,,,"yes",,,
"https://adamlink.nl/geo/street/mosterdpotsteeg/3046",,"yes","yes",,,,
"https://adamlink.nl/geo/street/mouthaansteeg/3051",,,"yes",,,,
"https://adamlink.nl/geo/street/mozes-en-aaronstraat/3053",,,"yes",,,,
"https://adamlink.nl/geo/street/muiderplein/6206",,,"yes",,,,
"https://adamlink.nl/geo/street/muntplein/3067",,"yes",,,,,
"https://adamlink.nl/geo/street/naaldenmakersgang/6894",,,,,,"yes","no"
"https://adamlink.nl/geo/street/nabijbuitengang/7984",,,,"yes",,,
"https://adamlink.nl/geo/street/nachtegaalsgang/7985",,,,"yes",,,
"https://adamlink.nl/geo/street/nachtslotgang/6745",,,,"yes","no",,
"https://adamlink.nl/geo/street/nadorststeeg/3084",,"yes","yes",,,,
"https://adamlink.nl/geo/street/nauwegang/7986",,,,"yes",,,
"https://adamlink.nl/geo/street/nes/3107","yes","yes",,,,,
"https://adamlink.nl/geo/street/nieuwe-beursgang/6689",,,,"yes","no",,
"https://adamlink.nl/geo/street/nieuwe-doelenstraat/3142",,"yes","yes",,,,
"https://adamlink.nl/geo/street/nieuwe-gang/6824",,,,"yes","yes","no",
"https://adamlink.nl/geo/street/nieuwe-gang/6876",,,,"yes",,,
"https://adamlink.nl/geo/street/nieuwe-gebouwsgang/6755",,,,,"yes","no",
"https://adamlink.nl/geo/street/nieuwe-haarlemmersluis/6960",,"yes",,,,,
"https://adamlink.nl/geo/street/nieuwe-hoogstraat/3150","yes","yes","yes",,,,
"https://adamlink.nl/geo/street/nieuwe-kerksteeg/5786",,"yes",,,,,
"https://adamlink.nl/geo/street/nieuwe-lakenpad/6980","yes","no",,,,,
"https://adamlink.nl/geo/street/nieuwe-leliestraat/3159",,"yes","yes",,,,
"https://adamlink.nl/geo/street/nieuwe-looiersstraat/3161",,,"yes",,,,
"https://adamlink.nl/geo/street/nieuwe-nieuwstraat/3165",,"yes","yes",,,,
"https://adamlink.nl/geo/street/nieuwe-raampad/6989","yes","no",,,,,
"https://adamlink.nl/geo/street/nieuwe-singel/6977","yes","no",,,,,
"https://adamlink.nl/geo/street/nieuwe-spaarpotsteeg/3174",,"yes","yes",,,,
"https://adamlink.nl/geo/street/nieuwe-spiegelstraat/3175",,,"yes",,,,
"https://adamlink.nl/geo/street/nieuwe-wagenstraat/3181",,,"yes",,,,
"https://adamlink.nl/geo/street/nieuwe-weespad/6968",,"yes",,,,,
"https://adamlink.nl/geo/street/nieuwebrugsteeg/3187",,"yes","yes",,,,
"https://adamlink.nl/geo/street/nieuwegang-eerste/7992",,,,"yes",,,
"https://adamlink.nl/geo/street/nieuwegang-tweede/7993",,,,"yes",,,
"https://adamlink.nl/geo/street/nieuwegang/7989",,,,"yes",,,
"https://adamlink.nl/geo/street/nieuwegang/7990",,,,"yes",,,
"https://adamlink.nl/geo/street/nieuwegang/7991",,,,"yes",,,
"https://adamlink.nl/geo/street/nieuwegang/7994",,,,"yes",,,
"https://adamlink.nl/geo/street/nieuwehoefijzersgang/7996",,,,"yes",,,
"https://adamlink.nl/geo/street/nieuwehuizengang/6220",,,,"yes","no",,
"https://adamlink.nl/geo/street/nieuwehuizengang/7998",,,,"yes",,,
"https://adamlink.nl/geo/street/nieuwen-huizengang/6942",,,,"yes","yes","no",
"https://adamlink.nl/geo/street/nieuwendijk/3198","yes","yes","yes",,,,
"https://adamlink.nl/geo/street/nieuwenhuizengang/6766",,,,"yes","no",,
"https://adamlink.nl/geo/street/nieuwezijds-armsteeg/3205",,"yes","yes",,,,
"https://adamlink.nl/geo/street/nieuwezijds-kolk/3206",,"yes",,,,,
"https://adamlink.nl/geo/street/nieuwezijds-voorburgwal/3207","yes","yes",,,,,
"https://adamlink.nl/geo/street/nieuwmarkt/3209",,"yes",,,,,
"https://adamlink.nl/geo/street/noorderkerkstraat/3236",,,"yes",,,,
"https://adamlink.nl/geo/street/noordschegang/8000",,,,"yes",,,
"https://adamlink.nl/geo/street/notenboomsgang/8001",,,,"yes",,,
"https://adamlink.nl/geo/street/olieslagerssteeg/3282",,"yes","yes",,,,
"https://adamlink.nl/geo/street/olyslagers-gang/5425",,,,"yes",,,
"https://adamlink.nl/geo/street/olyslagerssteegje/5646",,,"yes",,,,
"https://adamlink.nl/geo/street/onbedachte-gang/6909",,,,"yes","no",,
"https://adamlink.nl/geo/street/onbekendegang/8003",,,,"yes",,,
"https://adamlink.nl/geo/street/onbekendegang/8004",,,,"yes",,,
"https://adamlink.nl/geo/street/onbekendegang/8005",,,,"yes",,,
"https://adamlink.nl/geo/street/onkelboerensteeg/3298",,"yes","yes",,,,
"https://adamlink.nl/geo/street/onweersgang/8006",,,,"yes",,,
"https://adamlink.nl/geo/street/onze-lieve-vrouwesteeg/3301",,"yes","yes",,,,
"https://adamlink.nl/geo/street/oostenburger-achterstraat/7063",,,"yes",,,,
"https://adamlink.nl/geo/street/oostenburgerdwarsstraat/3311",,,"yes",,,,
"https://adamlink.nl/geo/street/oostenburgermiddenstraat/3315",,,"yes",,,,
"https://adamlink.nl/geo/street/oostenburgervoorstraat/3318",,,"yes",,,,
"https://adamlink.nl/geo/street/openhartdwarssteeg/7016",,"yes","yes",,,,
"https://adamlink.nl/geo/street/openhartsteeg/3342",,"yes","yes",,,,
"https://adamlink.nl/geo/street/oranjestraat/5893",,,"yes",,,,
"https://adamlink.nl/geo/street/ossensluis/7039",,"yes",,,,,
"https://adamlink.nl/geo/street/oude-braak/3381",,"yes","yes",,,,
"https://adamlink.nl/geo/street/oude-doelenstraat/3382","yes","yes","yes",,,,
"https://adamlink.nl/geo/street/oude-hoogstraat/3384","yes","yes","yes",,,,
"https://adamlink.nl/geo/street/oude-leliestraat/3386",,"yes","yes",,,,
"https://adamlink.nl/geo/street/oude-looiersstraat/3387",,"yes","yes",,,,
"https://adamlink.nl/geo/street/oude-nieuwstraat/3389",,"yes",,,,,
"https://adamlink.nl/geo/street/oude-slijpersgang/6296",,,,"yes","no",,
"https://adamlink.nl/geo/street/oude-spiegelstraat/3391",,"yes","yes",,,,
"https://adamlink.nl/geo/street/oude-teertuinen/5680",,"yes",,,,,
"https://adamlink.nl/geo/street/oude-turfmarkt/3392","yes","yes",,,,,
"https://adamlink.nl/geo/street/oude-vriezengang/6670",,,,"yes",,,
"https://adamlink.nl/geo/street/oude-waal/3393",,"yes",,,,,
"https://adamlink.nl/geo/street/oudebrugsteeg/3394",,"yes","yes",,,,
"https://adamlink.nl/geo/street/oudekennissteeg/3397",,"yes","yes",,,,
"https://adamlink.nl/geo/street/oudenoldersgang/8009",,,,"yes",,,
"https://adamlink.nl/geo/street/oudeschans/3405","yes","yes",,,,,
"https://adamlink.nl/geo/street/oudezijds-achterburgwal/3406","yes","yes",,,,,
"https://adamlink.nl/geo/street/oudezijds-armsteeg/3407",,"yes","yes",,,,
"https://adamlink.nl/geo/street/oudezijds-kolk/3408",,"yes",,,,,
"https://adamlink.nl/geo/street/oudezijds-voorburgwal/3409","yes","yes",,,,,
"https://adamlink.nl/geo/street/oudhuizersgang/6705",,,,"yes","yes","no",
"https://adamlink.nl/geo/street/overdekte-timmermansgang/6786",,,,"yes","yes","no",
"https://adamlink.nl/geo/street/overhaalsgang/3419",,,,"yes",,,
"https://adamlink.nl/geo/street/paardendwarsstraat/7012",,"yes",,,,,
"https://adamlink.nl/geo/street/paardenstraat/3439",,"yes","yes",,,,
"https://adamlink.nl/geo/street/palmdwarsstraat/3451",,,"yes",,,,
"https://adamlink.nl/geo/street/palmgracht/3452",,"yes",,,,,
"https://adamlink.nl/geo/street/palmstraat/3453",,"yes","yes",,,,
"https://adamlink.nl/geo/street/pannenbakkerspad/6256","yes","no",,,,,
"https://adamlink.nl/geo/street/papenbroekssteeg/3466",,"yes","yes",,,,
"https://adamlink.nl/geo/street/papenbrugsteeg/3467",,"yes","yes",,,,
"https://adamlink.nl/geo/street/parsengangparsersgang/8010",,,,"yes",,,
"https://adamlink.nl/geo/street/passeerdersgracht/3483",,"yes",,,,,
"https://adamlink.nl/geo/street/passeerdersstraat/3484",,"yes","yes",,,,
"https://adamlink.nl/geo/street/passersgang/8013",,,,"yes",,,
"https://adamlink.nl/geo/street/passersgang/8014",,,,"yes",,,
"https://adamlink.nl/geo/street/passiegang/6782",,,,"yes",,"yes","no"
"https://adamlink.nl/geo/street/pauwengang/8015",,,,"yes",,,
"https://adamlink.nl/geo/street/pelikanengang/6785",,,,"yes","yes","no",
"https://adamlink.nl/geo/street/pennengang/6778",,,,"yes",,,
"https://adamlink.nl/geo/street/penschrijversgang/6747",,,,"yes",,,
"https://adamlink.nl/geo/street/penseelengang/8017",,,,"yes",,,
"https://adamlink.nl/geo/street/pensionaris-steeg/5465",,"yes","yes","yes",,,
"https://adamlink.nl/geo/street/peperstraat/3515",,,"yes",,,,
"https://adamlink.nl/geo/street/pieter-jacobszdwarsstraat/3568",,"yes","yes",,,,
"https://adamlink.nl/geo/street/pieter-jacobszstraat/3569",,"yes","yes",,,,
"https://adamlink.nl/geo/street/pietersjoerdsgang/8018",,,,"yes",,,
"https://adamlink.nl/geo/street/pijlsteeg/3588","yes","yes","yes",,,,
"https://adamlink.nl/geo/street/pijpenbrandersgang/6261",,,,"yes",,"yes","no"
"https://adamlink.nl/geo/street/pijpenbrandersgang/6722",,,,"yes",,"yes","no"
"https://adamlink.nl/geo/street/pijpenbrandersgang/6754",,,,"yes","no",,
"https://adamlink.nl/geo/street/pijpenbrandersgang/6798",,,,"yes","no",,
"https://adamlink.nl/geo/street/pijpenbrandersgang/6919",,,,"yes","yes","no",
"https://adamlink.nl/geo/street/pijpenbrandersgang/8031",,,,"yes",,,
"https://adamlink.nl/geo/street/pintosgang/8019",,,,"yes",,,
"https://adamlink.nl/geo/street/planciusstraat/3601",,,"yes",,,,
"https://adamlink.nl/geo/street/plantage-middenlaan/3608",,,"yes",,,,
"https://adamlink.nl/geo/street/pleinshofje/8020",,,,"yes",,,
"https://adamlink.nl/geo/street/plempenpad/6984","yes","no",,,,,
"https://adamlink.nl/geo/street/ploegersgang/6686",,,,"yes","yes","no",
"https://adamlink.nl/geo/street/pluimengang/6801",,,,"yes","yes","no",
"https://adamlink.nl/geo/street/pompenmakersgang/6854",,,,,"yes","no",
"https://adamlink.nl/geo/street/poortvanmarken/8021",,,,"yes",,,
"https://adamlink.nl/geo/street/pordersgang/8022",,,,"yes",,,
"https://adamlink.nl/geo/street/posthoorngang/8023",,,,"yes",,,
"https://adamlink.nl/geo/street/pottenbakkersgang/5485",,,,"yes",,,
"https://adamlink.nl/geo/street/pottenbakkersgang/8024",,,,"yes",,,
"https://adamlink.nl/geo/street/pottenbakkersgang/8025",,,,"yes",,,
"https://adamlink.nl/geo/street/pottenbakkerspad/6985","yes","no",,,,,
"https://adamlink.nl/geo/street/prinsengang/8027",,,,"yes",,,
"https://adamlink.nl/geo/street/prinsengracht/3684",,"yes",,,,,
"https://adamlink.nl/geo/street/prinsenhofsgang-bij-rozengracht/6252",,,,"yes",,"yes","no"
"https://adamlink.nl/geo/street/prinsenhofsgang/8028",,,,"yes",,,
"https://adamlink.nl/geo/street/prinsenhofssteeg/3685",,"yes","yes",,,,
"https://adamlink.nl/geo/street/prinsenliefhebbersgang/6692",,,,"yes",,,
"https://adamlink.nl/geo/street/prinsenstraat/3686",,"yes","yes",,,,
"https://adamlink.nl/geo/street/raamgracht/3724",,"yes",,,,,
"https://adamlink.nl/geo/street/raampad/5917",,"yes",,,,,
"https://adamlink.nl/geo/street/raamsteeg/3726",,"yes","yes",,,,
"https://adamlink.nl/geo/street/raamstraat/3727",,,"yes",,,,
"https://adamlink.nl/geo/street/rammenassengang/6852",,,,"yes","yes","no",
"https://adamlink.nl/geo/street/ramskooi/3734",,"yes","yes",,,,
"https://adamlink.nl/geo/street/rapenburg/3742","yes","yes",,,,,
"https://adamlink.nl/geo/street/rapenburgerstraat/3744",,,"yes",,,,
"https://adamlink.nl/geo/street/rapengang/6868",,,,"yes",,,
"https://adamlink.nl/geo/street/ratelwachtsteeg/5611",,,"yes",,,,
"https://adamlink.nl/geo/street/recht-boomssloot/3756","yes","yes",,,,,
"https://adamlink.nl/geo/street/reestraat/3757",,"yes","yes",,,,
"https://adamlink.nl/geo/street/regenboogsgang/5990",,,,"yes",,"yes","no"
"https://adamlink.nl/geo/street/regenboogsliefdehofje/5989",,,,,,"yes","no"
"https://adamlink.nl/geo/street/reguliersbreestraat/3761",,"yes","yes",,,,
"https://adamlink.nl/geo/street/reguliersdwarsstraat/3762",,,"yes",,,,
"https://adamlink.nl/geo/street/regulierspad/6962",,"yes",,,,,
"https://adamlink.nl/geo/street/regulierssteeg/3764",,,"yes",,,,
"https://adamlink.nl/geo/street/reigersgang/8033",,,,"yes",,,
"https://adamlink.nl/geo/street/reixerspoort/6857",,,,"yes",,,
"https://adamlink.nl/geo/street/rembrandtplein/3785",,"yes",,,,,
"https://adamlink.nl/geo/street/reutergang/8036",,,,"yes",,,
"https://adamlink.nl/geo/street/ridderspoort/6732",,,,"yes",,,
"https://adamlink.nl/geo/street/ridderstraat/6974","yes","yes","yes",,,,
"https://adamlink.nl/geo/street/rietveldsgang/8037",,,,"yes",,,
"https://adamlink.nl/geo/street/rijke-weversgang/6823",,,,,"yes","no",
"https://adamlink.nl/geo/street/roetershofje/6933",,,,,"yes","no",
"https://adamlink.nl/geo/street/rokin/3867","yes","yes",,,,,
"https://adamlink.nl/geo/street/romeinsarmsteeg/3871",,"yes","yes",,,,
"https://adamlink.nl/geo/street/roodehanengang/6706",,,,"yes","no",,
"https://adamlink.nl/geo/street/roohanengangroohartengang/8039",,,,"yes",,,
"https://adamlink.nl/geo/street/rookersgang/8040",,,,"yes",,,
"https://adamlink.nl/geo/street/rookoes-gang/5433",,,,"yes",,,
"https://adamlink.nl/geo/street/rooleeuwengang/8041",,,,"yes",,,
"https://adamlink.nl/geo/street/rooleeuwengang/8042",,,,"yes",,,
"https://adamlink.nl/geo/street/roomolengang/6022",,,,"yes","yes","no",
"https://adamlink.nl/geo/street/roomolenstraat/3875",,"yes","yes",,,,
"https://adamlink.nl/geo/street/rooscharengang/6024",,,,"yes",,,
"https://adamlink.nl/geo/street/roosjesgang/8043",,,,"yes",,,
"https://adamlink.nl/geo/street/roozeboomsgang/6892",,,,"yes","no",,
"https://adamlink.nl/geo/street/roskamsteeg/3885",,"yes","yes",,,,
"https://adamlink.nl/geo/street/rosmarijnsteeg/3886",,,"yes",,,,
"https://adamlink.nl/geo/street/rotgansgang/8044",,,,"yes",,,
"https://adamlink.nl/geo/street/rotganssteeg/3892",,"yes","yes","yes",,,
"https://adamlink.nl/geo/street/rotterdammer-veer/7046",,"yes",,,,,
"https://adamlink.nl/geo/street/rotterdamschegang/8046",,,,"yes",,,
"https://adamlink.nl/geo/street/rouaanse-kade/7052",,"yes",,,,,
"https://adamlink.nl/geo/street/rozemarijngang/6009",,,,"yes","yes","no",
"https://adamlink.nl/geo/street/rozemarijnstraat/7055",,,"yes",,,,
"https://adamlink.nl/geo/street/rozenboomsteeg/3897",,"yes","yes",,,,
"https://adamlink.nl/geo/street/rozengang/8047",,,,"yes",,,
"https://adamlink.nl/geo/street/rozengang/8048",,,,"yes",,,
"https://adamlink.nl/geo/street/rozengracht/3899",,"yes",,,,,
"https://adamlink.nl/geo/street/rozennobelsgang/8049",,,,"yes",,,
"https://adamlink.nl/geo/street/rozenstraat/3901",,"yes","yes",,,,
"https://adamlink.nl/geo/street/ruitergang/6914",,,,"yes","no",,
"https://adamlink.nl/geo/street/ruitersgang/6711",,,,"yes","yes","no",
"https://adamlink.nl/geo/street/runstraat/3912",,"yes","yes",,,,
"https://adamlink.nl/geo/street/rusland/3914","yes","yes","yes",,,,
"https://adamlink.nl/geo/street/salamandershofje/6865",,,,,"yes","no",
"https://adamlink.nl/geo/street/salamandersteeg/5710",,"yes","yes",,,,
"https://adamlink.nl/geo/street/schapensteeg/3975",,"yes","yes",,,,
"https://adamlink.nl/geo/street/schapensteeg/7035",,,,"yes",,,
"https://adamlink.nl/geo/street/schavengang/6911",,,,"yes","no",,
"https://adamlink.nl/geo/street/schavenmakersgang/6702",,,,"yes","no",,
"https://adamlink.nl/geo/street/schavenmakersgang/6718",,,,"yes",,"yes","no"
"https://adamlink.nl/geo/street/scheepjesgang/6700",,,,"yes",,,
"https://adamlink.nl/geo/street/scheepjesgang/8054",,,,"yes",,,
"https://adamlink.nl/geo/street/scheevegang/8056",,,,"yes",,,
"https://adamlink.nl/geo/street/schelvischgang/8057",,,,"yes",,,
"https://adamlink.nl/geo/street/schelvischgang/8058",,,,"yes",,,
"https://adamlink.nl/geo/street/schelvisgang/5890",,,,"yes","no",,
"https://adamlink.nl/geo/street/schelvissteeg/7014",,"yes",,,,,
"https://adamlink.nl/geo/street/schildersgang/5898",,,,"yes","no",,
"https://adamlink.nl/geo/street/schildersgang/8059",,,,"yes",,,
"https://adamlink.nl/geo/street/schildersgang/8060",,,,"yes",,,
"https://adamlink.nl/geo/street/schilderssteeg/7023",,"yes","yes","yes",,,
"https://adamlink.nl/geo/street/schilderssteeg/7066",,,,"yes",,,
"https://adamlink.nl/geo/street/schimmelgang/6769",,,,"yes",,,
"https://adamlink.nl/geo/street/schippershofje/8063",,,,"yes",,,
"https://adamlink.nl/geo/street/schippersstraat/4009",,,"yes",,,,
"https://adamlink.nl/geo/street/schoenmakersgang/5884",,,,"yes",,,
"https://adamlink.nl/geo/street/schoenmakersgang/6936",,,,"yes",,"yes","no"
"https://adamlink.nl/geo/street/schollenvangersgang/8066",,,,"yes",,,
"https://adamlink.nl/geo/street/schollevangersgang/6763",,,,"yes","no",,
"https://adamlink.nl/geo/street/schone-weespad/5891",,,,"yes",,,
"https://adamlink.nl/geo/street/schoolmeestersgang/8067",,,,"yes",,,
"https://adamlink.nl/geo/street/schoorsteenvegersgang/5886",,,,"yes","no",,
"https://adamlink.nl/geo/street/schoorsteenvegerssteeg/4024",,"yes","yes",,,,
"https://adamlink.nl/geo/street/schouten-steeg/5428",,"yes","yes",,,,
"https://adamlink.nl/geo/street/schoutenpad/6971","yes","no",,,,,
"https://adamlink.nl/geo/street/schuiermakersgang/8068",,,,"yes",,,
"https://adamlink.nl/geo/street/schuijermakersgang/6940",,,,"yes",,"yes","no"
"https://adamlink.nl/geo/street/schuitenvoerders-steeg/5473",,,,"yes",,,
"https://adamlink.nl/geo/street/schuitenvoerdersgang/6694",,,,"yes",,,
"https://adamlink.nl/geo/street/schuitenvoerdersgang/6772",,,,"yes","yes","no",
"https://adamlink.nl/geo/street/schuitenvoerdersgang/6791",,,,,"yes","no",
"https://adamlink.nl/geo/street/schuitenvoerdersgang/8070",,,,"yes",,,
"https://adamlink.nl/geo/street/schuitenvoerdersgang/8071",,,,"yes",,,
"https://adamlink.nl/geo/street/schuitjesgang/6931",,,,"yes","no",,
"https://adamlink.nl/geo/street/schulpgang/8072",,,,"yes",,,
"https://adamlink.nl/geo/street/servetsteeg/4050","yes","yes","yes",,,,
"https://adamlink.nl/geo/street/siepersche-gang/6674",,,,"yes","yes","no",
"https://adamlink.nl/geo/street/singel/4088","yes","yes",,,,,
"https://adamlink.nl/geo/street/sint-agnietenstraat/4093",,"yes","yes",,,,
"https://adamlink.nl/geo/street/sint-annendwarsstraat/4094",,"yes","yes",,,,
"https://adamlink.nl/geo/street/sint-annenstraat/4095",,"yes","yes",,,,
"https://adamlink.nl/geo/street/sint-anthonisdijk/6946","yes","yes",,,,,
"https://adamlink.nl/geo/street/sint-antoniesbreestraat/4096",,"yes",,,,,
"https://adamlink.nl/geo/street/sint-antoniesluis/4097",,"yes",,,,,
"https://adamlink.nl/geo/street/sint-barberenstraat/4098",,"yes","yes",,,,
"https://adamlink.nl/geo/street/sint-geertruidensteeg/4099",,"yes","yes",,,,
"https://adamlink.nl/geo/street/sint-jacobsgang/6143",,,,"yes","no",,
"https://adamlink.nl/geo/street/sint-jacobspad/6991","yes","no",,,,,
"https://adamlink.nl/geo/street/sint-jacobsstraat/4103",,"yes","yes",,,,
"https://adamlink.nl/geo/street/sint-jansstraat/4104","yes","yes","yes",,,,
"https://adamlink.nl/geo/street/sint-jorishofje/5913",,"yes",,,,,
"https://adamlink.nl/geo/street/sint-jorisstraat/4105",,"yes","yes",,,,
"https://adamlink.nl/geo/street/sint-luciensteeg/4106",,"yes","yes",,,,
"https://adamlink.nl/geo/street/sint-nicolaasstraat/4107",,"yes","yes",,,,
"https://adamlink.nl/geo/street/sint-olofspoort/4108",,"yes","yes",,,,
"https://adamlink.nl/geo/street/sint-pieters-poort/5463",,"yes","yes",,,,
"https://adamlink.nl/geo/street/sint-pieterspad/6995","yes","no",,,,,
"https://adamlink.nl/geo/street/sint-pieterspoortsteeg/4112",,"yes","yes",,,,
"https://adamlink.nl/geo/street/sint-pieterssteeg/4113",,"yes","yes",,,,
"https://adamlink.nl/geo/street/sintpietersgang/8075",,,,"yes",,,
"https://adamlink.nl/geo/street/sintpietersgang/8076",,,,"yes",,,
"https://adamlink.nl/geo/street/slagersgang/5899",,,,"yes",,,
"https://adamlink.nl/geo/street/slagersgang/6721",,,,"yes","no",,
"https://adamlink.nl/geo/street/slagersgang/6743",,,,"yes",,,
"https://adamlink.nl/geo/street/slagersgang/6872",,,,"yes","yes","no",
"https://adamlink.nl/geo/street/slagersgang/8077",,,,"yes",,,
"https://adamlink.nl/geo/street/slagersgang/8080",,,,"yes",,,
"https://adamlink.nl/geo/street/slagtersgang/5711",,,,"yes","yes","no",
"https://adamlink.nl/geo/street/slagtersgang/6842",,,,"yes",,,
"https://adamlink.nl/geo/street/slagtersgang/6882",,,,"yes",,"yes","no"
"https://adamlink.nl/geo/street/sleepersgang/6687",,,,"yes","no",,
"https://adamlink.nl/geo/street/sleepersgang/6827",,,,"yes","yes","no",
"https://adamlink.nl/geo/street/sleepersgang/6879",,,,"yes",,"yes","no"
"https://adamlink.nl/geo/street/sleepersgang/6904",,,,,"yes","no",
"https://adamlink.nl/geo/street/sleepersgang/7763",,,,"yes",,,
"https://adamlink.nl/geo/street/sleepersgang/8081",,,,"yes",,,
"https://adamlink.nl/geo/street/sleepersteeg/5765",,,,"yes",,,
"https://adamlink.nl/geo/street/slepersgang/5903",,,,"yes","yes","no",
"https://adamlink.nl/geo/street/slepersgang/6866",,,,,"yes","no",
"https://adamlink.nl/geo/street/sleperssteeg-bij-amstel/5904",,"yes","yes","yes",,,
"https://adamlink.nl/geo/street/slijkstraat/4134",,"yes","yes",,,,
"https://adamlink.nl/geo/street/slootstraat/4142",,,"yes",,,,
"https://adamlink.nl/geo/street/sloterdijksteeg/5766",,"yes","yes","yes",,,
"https://adamlink.nl/geo/street/sloterdijkstraat/4144",,,"yes",,,,
"https://adamlink.nl/geo/street/slotsparenburgsgang/7766",,,,"yes",,,
"https://adamlink.nl/geo/street/smaksteeg/4156",,"yes","yes",,,,
"https://adamlink.nl/geo/street/smeltersgang/6293",,,,"yes","yes","no",
"https://adamlink.nl/geo/street/smids-steeg/5418",,,"yes","yes",,,
"https://adamlink.nl/geo/street/smidsgang/6344",,,,"yes",,"yes","no"
"https://adamlink.nl/geo/street/smidsgang/6838",,,,"yes","yes","no",
"https://adamlink.nl/geo/street/smidsgang/6863",,,,"yes","yes","no",
"https://adamlink.nl/geo/street/smidsgang/6871",,,,"yes",,,
"https://adamlink.nl/geo/street/smidsgang/8082",,,,"yes",,,
"https://adamlink.nl/geo/street/smidsgang/8083",,,,"yes",,,
"https://adamlink.nl/geo/street/smidsgang/8084",,,,"yes",,,
"https://adamlink.nl/geo/street/smidt-steeg/5490",,"yes","yes",,,,
"https://adamlink.nl/geo/street/smitssteeghje/5669",,"yes","yes",,,,
"https://adamlink.nl/geo/street/snijdersgang/6060",,,,"yes",,,
"https://adamlink.nl/geo/street/snoekjessteeg/4172",,"yes","yes",,,,
"https://adamlink.nl/geo/street/spaanse-leger/6970","yes","no",,,,,
"https://adamlink.nl/geo/street/spaarpot-steegje/5617",,"yes","yes",,,,
"https://adamlink.nl/geo/street/spaarpotsteeg/4203",,,"yes",,,,
"https://adamlink.nl/geo/street/spanjaardsgang/8086",,,,"yes",,,
"https://adamlink.nl/geo/street/spanjaert-spoortjen/5650",,"yes","yes",,,,
"https://adamlink.nl/geo/street/speelmansgang/6913",,,,,"yes","no",
"https://adamlink.nl/geo/street/spekslagersgang/8087",,,,"yes",,,
"https://adamlink.nl/geo/street/spekslagersgang/8088",,,,"yes",,,
"https://adamlink.nl/geo/street/speldemakersgang/6760",,,,"yes",,,
"https://adamlink.nl/geo/street/speldemakersgang/6833",,,,"yes","yes","no",
"https://adamlink.nl/geo/street/speldenmakersgang/6719",,,,"yes","yes","no",
"https://adamlink.nl/geo/street/speldenmakersgang/6736",,,,,,"yes","no"
"https://adamlink.nl/geo/street/speldenmakersgang/8089",,,,"yes",,,
"https://adamlink.nl/geo/street/spijkergang/8092",,,,"yes",,,
"https://adamlink.nl/geo/street/spinhuissteeg/4228",,"yes","yes",,,,
"https://adamlink.nl/geo/street/sprokkelbeurs-steegje/5471",,,,"yes",,,
"https://adamlink.nl/geo/street/spui/4275",,"yes",,,,,
"https://adamlink.nl/geo/street/spuistraat/4276","yes","yes","yes",,,,
"https://adamlink.nl/geo/street/spykerboors-steeg/5466",,"yes","yes","yes",,,
"https://adamlink.nl/geo/street/st-joris-steeg/5624",,"yes","yes",,,,
"https://adamlink.nl/geo/street/st-jorisgang/6707",,,,"yes","yes","no",
"https://adamlink.nl/geo/street/staalstraat/4282",,,"yes",,,,
"https://adamlink.nl/geo/street/steenhouwersgang/6779",,,,"yes",,,
"https://adamlink.nl/geo/street/steenhouwersgang/6884",,,,"yes","no",,
"https://adamlink.nl/geo/street/steenhouwersgang/8093",,,,"yes",,,
"https://adamlink.nl/geo/street/steenhouwerssteeg/4308",,"yes","yes",,,,
"https://adamlink.nl/geo/street/steenkoopersgang/8094",,,,"yes",,,
"https://adamlink.nl/geo/street/steenmansgang/6924",,,,"yes","yes","no",
"https://adamlink.nl/geo/street/steenwerfsgang/8096",,,,"yes",,,
"https://adamlink.nl/geo/street/sterrengang/6340",,,,"yes","yes","no",
"https://adamlink.nl/geo/street/sterrengang/6728",,,,"yes","yes","no",
"https://adamlink.nl/geo/street/sterrengang/8098",,,,"yes",,,
"https://adamlink.nl/geo/street/stijfselgang/8103",,,,"yes",,,
"https://adamlink.nl/geo/street/stille-willemsgang/6929",,,,"yes",,,
"https://adamlink.nl/geo/street/stilsteeg/7006",,"yes","yes",,,,
"https://adamlink.nl/geo/street/stoofsteeg/4331",,"yes","yes",,,,
"https://adamlink.nl/geo/street/stoppersgang/6082",,,,"yes",,"yes","no"
"https://adamlink.nl/geo/street/stormsteeg/4334",,"yes","yes",,,,
"https://adamlink.nl/geo/street/stovengang/6930",,,,"yes",,"yes","no"
"https://adamlink.nl/geo/street/stroobosgang/8100",,,,"yes",,,
"https://adamlink.nl/geo/street/stroobossengang/6759",,,,"yes",,"yes","no"
"https://adamlink.nl/geo/street/strubengang-van/8101",,,,"yes",,,
"https://adamlink.nl/geo/street/stuurmanshofje/4344",,,,"yes",,,
"https://adamlink.nl/geo/street/suikerbakkers-steeg/5415",,,,"yes",,,
"https://adamlink.nl/geo/street/suikerbakkers-steeg/5461",,"yes",,,,,
"https://adamlink.nl/geo/street/suikerbakkersgang-bij-lindengracht/6075",,,,"yes","no",,
"https://adamlink.nl/geo/street/suikerbakkersgang-bij-lindenstraat/6076",,,,"yes","no",,
"https://adamlink.nl/geo/street/suikerbakkersgang/8105",,,,"yes",,,
"https://adamlink.nl/geo/street/suikerbakkersgang/8106",,,,"yes",,,
"https://adamlink.nl/geo/street/suikerbakkerssteeg/4349",,,"yes",,,,
"https://adamlink.nl/geo/street/suikerbakkerssteeg/5444",,"yes",,"yes",,,
"https://adamlink.nl/geo/street/suikerhuizengang/6832",,,,"yes","yes","no",
"https://adamlink.nl/geo/street/suykerbakkersteeg/5477",,,"yes",,,,
"https://adamlink.nl/geo/street/t-fraye-steegje/7025",,"yes","yes",,,,
"https://adamlink.nl/geo/street/t-hol/4365",,"yes","yes",,,,
"https://adamlink.nl/geo/street/taandwarsstraat/4370",,,"yes",,,,
"https://adamlink.nl/geo/street/tabakstamperssteeg/8107",,,,"yes",,,
"https://adamlink.nl/geo/street/taksteeg/4374",,"yes","yes",,,,
"https://adamlink.nl/geo/street/tamboershofje/6796",,,,"yes","yes","no",
"https://adamlink.nl/geo/street/teerketelsteeg/4382",,"yes","yes",,,,
"https://adamlink.nl/geo/street/texelschekade/5793","yes","yes",,,,,
"https://adamlink.nl/geo/street/tichelstraat/4447",,,"yes",,,,
"https://adamlink.nl/geo/street/timmermansgang/6784",,,,"yes","yes","no",
"https://adamlink.nl/geo/street/timmermansgang/6903",,,,,"yes","no",
"https://adamlink.nl/geo/street/timmermansgang/8109",,,,"yes",,,
"https://adamlink.nl/geo/street/tobiaspad/6988","yes","no",,,,,
"https://adamlink.nl/geo/street/toegang-tot-het-hof-van-parijs/6860",,,,"yes",,,
"https://adamlink.nl/geo/street/tollengang/6351",,,,"yes",,,
"https://adamlink.nl/geo/street/torensteeg/4492",,"yes","yes",,,,
"https://adamlink.nl/geo/street/treeftsteeg/4506",,"yes","yes",,,,
"https://adamlink.nl/geo/street/triffeltjesgang/6715",,,,"yes","yes","no",
"https://adamlink.nl/geo/street/trompettenhofje/6273",,,,,"yes","no",
"https://adamlink.nl/geo/street/trompettersgang/6846",,,,"yes","yes","no",
"https://adamlink.nl/geo/street/trompettersgang/8110",,,,"yes",,,
"https://adamlink.nl/geo/street/trompetterssteeg/4515",,"yes","yes",,,,
"https://adamlink.nl/geo/street/tuinpad/6265","yes","no",,,,,
"https://adamlink.nl/geo/street/tuinstraat/4527",,"yes","yes",,,,
"https://adamlink.nl/geo/street/turfdragersgang/6768",,,,"yes",,"yes","no"
"https://adamlink.nl/geo/street/turfdragersgang/6912",,,,,"yes","no",
"https://adamlink.nl/geo/street/turfdragersgang/8111",,,,"yes",,,
"https://adamlink.nl/geo/street/turfdragershofje/8112",,,,"yes",,,
"https://adamlink.nl/geo/street/turfhok-steeg/5439",,"yes","yes","yes",,,
"https://adamlink.nl/geo/street/twaalfuurgang/6885",,,,"yes","no",,
"https://adamlink.nl/geo/street/twee-gebroedersgang/6906",,,,"yes",,,
"https://adamlink.nl/geo/street/tweede-batavierdwarsstraat/5921",,,"yes",,,,
"https://adamlink.nl/geo/street/tweede-bloemdwarsstraat/4544",,,"yes",,,,
"https://adamlink.nl/geo/street/tweede-boomdwarsstraat/4546",,,"yes",,,,
"https://adamlink.nl/geo/street/tweede-egelantiersdwarsstraat/4552",,,"yes",,,,
"https://adamlink.nl/geo/street/tweede-goudsbloemdwarsstraat/4553",,,"yes",,,,
"https://adamlink.nl/geo/street/tweede-jonkerdwarsstraat/7061",,,"yes",,,,
"https://adamlink.nl/geo/street/tweede-kattenburgerdwarsstraat/5736",,,"yes",,,,
"https://adamlink.nl/geo/street/tweede-leliedwarsstraat/4564",,,"yes",,,,
"https://adamlink.nl/geo/street/tweede-lindendwarsstraat/4565",,,"yes",,,,
"https://adamlink.nl/geo/street/tweede-looiersdwarsstraat/4566",,,"yes",,,,
"https://adamlink.nl/geo/street/tweede-pannenbakkerspad/6983","yes","no",,,,,
"https://adamlink.nl/geo/street/tweede-ridderdwarsstraat/7062",,,"yes",,,,
"https://adamlink.nl/geo/street/tweede-wittenburgerdwarsstraat/4581",,,"yes",,,,
"https://adamlink.nl/geo/street/tweegebroedersgang/8113",,,,"yes",,,
"https://adamlink.nl/geo/street/uilenbakkersgang/6789",,,,"yes","yes","no",
"https://adamlink.nl/geo/street/uilenburgersteeg/4591",,,"yes",,,,
"https://adamlink.nl/geo/street/uilenburgerstraat/5667",,,"yes",,,,
"https://adamlink.nl/geo/street/uilengang/6781",,,,"yes","yes","no",
"https://adamlink.nl/geo/street/ulke-zonnegang/6910",,,,,"yes","no",
"https://adamlink.nl/geo/street/utrechtse-veer/6963","yes","yes",,,,,
"https://adamlink.nl/geo/street/utrechtsedwarsstraat/4607",,,"yes",,,,
"https://adamlink.nl/geo/street/utrechtsestraat/4608",,,"yes",,,,
"https://adamlink.nl/geo/street/vaderlandschegang/6717",,,,"yes",,,
"https://adamlink.nl/geo/street/valkenburgerstraat/4618","yes","yes","yes",,,,
"https://adamlink.nl/geo/street/valkensteeg/4620",,"yes","yes",,,,
"https://adamlink.nl/geo/street/valwatergang/6699",,,,"yes","yes","no",
"https://adamlink.nl/geo/street/van-beekshofje/6734",,,,"yes","yes","no",
"https://adamlink.nl/geo/street/varkensgang/6300",,,,"yes",,,
"https://adamlink.nl/geo/street/verbrande-gang/6690",,,,"yes",,,
"https://adamlink.nl/geo/street/verbrande-gang/6891",,,,"yes","no",,
"https://adamlink.nl/geo/street/verguldebijbelsgang/8116",,,,"yes",,,
"https://adamlink.nl/geo/street/verversstraat/4748",,"yes","yes",,,,
"https://adamlink.nl/geo/street/verwersgang/6676",,,,"yes",,,
"https://adamlink.nl/geo/street/verwersgang/6710",,,,"yes",,"yes","no"
"https://adamlink.nl/geo/street/veterkloppersgang/6746",,,,"yes","yes","no",
"https://adamlink.nl/geo/street/vetermakersgang/6288",,,,"yes","yes","no",
"https://adamlink.nl/geo/street/vierhuizengang/6311",,,,"yes",,,
"https://adamlink.nl/geo/street/vierwindendwarsstraat/4757",,,"yes",,,,
"https://adamlink.nl/geo/street/vierwindenstraat/4758",,,"yes",,,,
"https://adamlink.nl/geo/street/vijgendam/5714",,"yes",,,,,
"https://adamlink.nl/geo/street/vijzelstraat/4763",,"yes","yes",,,,
"https://adamlink.nl/geo/street/vinkengang/8117",,,,"yes",,,
"https://adamlink.nl/geo/street/vinkensteeg/8118",,,,"yes",,,
"https://adamlink.nl/geo/street/vinkenstraat/4767",,,"yes",,,,
"https://adamlink.nl/geo/street/violettengang/6814",,,,"yes","yes","no",
"https://adamlink.nl/geo/street/violettenstraat/4769",,,"yes",,,,
"https://adamlink.nl/geo/street/vischgang/8120",,,,"yes",,,
"https://adamlink.nl/geo/street/vissersstraat/7024",,"yes","yes",,,,
"https://adamlink.nl/geo/street/vissteeg/5677",,"yes","yes",,,,
"https://adamlink.nl/geo/street/vlasblom-steeg/5661",,"yes","yes",,,,
"https://adamlink.nl/geo/street/vlasboomengang/6793",,,,"yes","yes","no",
"https://adamlink.nl/geo/street/vlasboomsgang/6765",,,,"yes",,"yes","no"
"https://adamlink.nl/geo/street/vleesgang/6337",,,,"yes",,,
"https://adamlink.nl/geo/street/vliegendesteeg/4778",,"yes","yes",,,,
"https://adamlink.nl/geo/street/vliegengang/8124",,,,"yes",,,
"https://adamlink.nl/geo/street/vlielandergang/8125",,,,"yes",,,
"https://adamlink.nl/geo/street/vlotschuitvoerdersgang/7032",,,,"yes",,,
"https://adamlink.nl/geo/street/voetboogstraat/4787",,,"yes",,,,
"https://adamlink.nl/geo/street/vogeldwarssteeg/7002",,"yes",,,,,
"https://adamlink.nl/geo/street/vogelmarkt/7050",,"yes",,,,,
"https://adamlink.nl/geo/street/vogelsteeg/6308",,"yes",,,,,
"https://adamlink.nl/geo/street/vogelstruisgang/6679",,,,"yes","no",,
"https://adamlink.nl/geo/street/vossenhofje/6843",,,,"yes",,,
"https://adamlink.nl/geo/street/vredelust/8128",,,,"yes",,,
"https://adamlink.nl/geo/street/vredenburgersteeg/4837",,"yes","yes",,,,
"https://adamlink.nl/geo/street/vrouwengang/5781",,,,"yes",,,
"https://adamlink.nl/geo/street/waagdragerssteeg/6313",,"yes",,,,,
"https://adamlink.nl/geo/street/waal-weespadt/5612",,,,"yes",,,
"https://adamlink.nl/geo/street/waalsteeg/4857",,"yes","yes",,,,
"https://adamlink.nl/geo/street/wagenmakersgang/6792",,,,"yes","yes","no",
"https://adamlink.nl/geo/street/wagenstraat/4864",,"yes","yes",,,,
"https://adamlink.nl/geo/street/walengang/6321",,,,"yes","yes","no",
"https://adamlink.nl/geo/street/walengang/6923",,,"yes","yes",,,
"https://adamlink.nl/geo/street/walenpad/6320","yes","no",,,,,
"https://adamlink.nl/geo/street/walenpleintje/4869",,"yes",,,,,
"https://adamlink.nl/geo/street/walensteeg/7027",,"yes",,,,,
"https://adamlink.nl/geo/street/walvischbeen-erf-het/8132",,,,"yes",,,
"https://adamlink.nl/geo/street/wandelpad/6994","yes","no",,,,,
"https://adamlink.nl/geo/street/wapen-van-delftsteeg/4879",,"yes","yes","yes",,,
"https://adamlink.nl/geo/street/warmoesstraat/4883","yes","yes","yes",,,,
"https://adamlink.nl/geo/street/wassende-maanshofje/6341",,,,"yes",,,
"https://adamlink.nl/geo/street/waterpoortsteeg/4898",,"yes","yes",,,,
"https://adamlink.nl/geo/street/waterschip-steeg/5630",,"yes","yes",,,,
"https://adamlink.nl/geo/street/waterschipsgang/8133",,,,"yes",,,
"https://adamlink.nl/geo/street/waterschipsgang/8134",,,,"yes",,,
"https://adamlink.nl/geo/street/watersteeg/6629",,,"yes",,,,
"https://adamlink.nl/geo/street/webersgang/6324",,,,"yes","yes","no",
"https://adamlink.nl/geo/street/weespad/6325","yes",,"yes",,,,
"https://adamlink.nl/geo/street/weesperstraat/4919",,,"yes",,,,
"https://adamlink.nl/geo/street/wereldsgang/6727",,,,"yes",,,
"https://adamlink.nl/geo/street/wereldsgang/8135",,,,"yes",,,
"https://adamlink.nl/geo/street/westermarkt/4962",,"yes",,,,,
"https://adamlink.nl/geo/street/westerstraat/4964",,"yes",,,,,
"https://adamlink.nl/geo/street/weteringstraat/4979",,,"yes",,,,
"https://adamlink.nl/geo/street/weversgang/6803",,,,"yes",,,
"https://adamlink.nl/geo/street/wieldraaiersgang/8136",,,,"yes",,,
"https://adamlink.nl/geo/street/wieldraaiersgang/8137",,,,"yes",,,
"https://adamlink.nl/geo/street/wieldraaijersgang/6795",,,,"yes","yes","no",
"https://adamlink.nl/geo/street/wieldraaijersgang/6875",,,,"yes","no",,
"https://adamlink.nl/geo/street/wieringerstraat/6331",,"yes","yes",,,,
"https://adamlink.nl/geo/street/wiersgang/8139",,,,"yes",,,
"https://adamlink.nl/geo/street/wijde-gang/6751",,,,"yes",,"yes","no"
"https://adamlink.nl/geo/street/wijde-gang/7045",,,,"yes",,,
"https://adamlink.nl/geo/street/wijde-heisteeg/5010",,"yes","yes",,,,
"https://adamlink.nl/geo/street/wijde-kapelsteeg/5011",,,"yes",,,,
"https://adamlink.nl/geo/street/wijde-kerksteeg/5012",,"yes","yes",,,,
"https://adamlink.nl/geo/street/wijde-lombardsteeg/5013",,"yes","yes",,,,
"https://adamlink.nl/geo/street/wijdegang/6326",,,,"yes",,,
"https://adamlink.nl/geo/street/wijdegang/8145",,,,"yes",,,
"https://adamlink.nl/geo/street/wijdegang/8148",,,,"yes",,,
"https://adamlink.nl/geo/street/wijdesteeg/5015",,"yes","yes",,,,
"https://adamlink.nl/geo/street/wijnbergergang/6853",,,,,"yes","no",
"https://adamlink.nl/geo/street/wijngaardsgang/6822",,,,"yes","no",,
"https://adamlink.nl/geo/street/wijngaardsstraatje/5019",,"yes","yes",,,,
"https://adamlink.nl/geo/street/wijnkorfsgang/8149",,,,"yes",,,
"https://adamlink.nl/geo/street/wijntjesgang/8150",,,,"yes",,,
"https://adamlink.nl/geo/street/wildemansgang/6681",,,,"yes","no",,
"https://adamlink.nl/geo/street/willem-bakkersgang/6683",,,,"yes",,,
"https://adamlink.nl/geo/street/willemsstraat/5074",,"yes",,,,,
"https://adamlink.nl/geo/street/willenbrordsgang/6762",,,,,"yes","no",
"https://adamlink.nl/geo/street/windgang/8140",,,,"yes",,,
"https://adamlink.nl/geo/street/windhondsgang/6817",,,,"yes","yes","no",
"https://adamlink.nl/geo/street/winkelhakengang/6783",,,,"yes",,,
"https://adamlink.nl/geo/street/witte-kruisgang/6708",,,,"yes","yes","no",
"https://adamlink.nl/geo/street/witte-leeuwengang/6737",,,,"yes",,"yes","no"
"https://adamlink.nl/geo/street/witte-rozengang/6698",,,,"yes",,"yes","no"
"https://adamlink.nl/geo/street/witte-rozengang/6937",,,,"yes",,"yes","no"
"https://adamlink.nl/geo/street/wittebellengang/6764",,,,"yes",,"yes","no"
"https://adamlink.nl/geo/street/witteboomsgang/5422",,,,"yes","yes","no",
"https://adamlink.nl/geo/street/wittekelk-steeg/5437",,"yes","yes","yes",,,
"https://adamlink.nl/geo/street/wittekoetsgang/6697",,,,"yes",,"yes","no"
"https://adamlink.nl/geo/street/wittelammerengang/8142",,,,"yes",,,
"https://adamlink.nl/geo/street/wittepaardsgang/8143",,,,"yes",,,
"https://adamlink.nl/geo/street/wittepaardssteeg/8144",,,,"yes",,,
"https://adamlink.nl/geo/street/wittevoetsgang/6773",,,,"yes",,"yes","no"
"https://adamlink.nl/geo/street/wolvenstraat/5124",,"yes","yes",,,,
"https://adamlink.nl/geo/street/wortelmarkt/7049",,"yes",,,,,
"https://adamlink.nl/geo/street/wyngaard-steegje/5470",,,,"yes",,,
"https://adamlink.nl/geo/street/zaagselgang/6776",,,,"yes","yes","no",
"https://adamlink.nl/geo/street/zakslootje/5139",,,,"yes",,,
"https://adamlink.nl/geo/street/zalmgang/6297",,,,"yes","yes","no",
"https://adamlink.nl/geo/street/zalmgang/6935",,,,"yes",,,
"https://adamlink.nl/geo/street/zalmgang/8152",,,,"yes",,,
"https://adamlink.nl/geo/street/zalmgang/8153",,,,"yes",,,
"https://adamlink.nl/geo/street/zalmgang/8154",,,,"yes",,,
"https://adamlink.nl/geo/street/zalmgang/8155",,,,"yes",,,
"https://adamlink.nl/geo/street/zalmvangersgang/8156",,,,"yes",,,
"https://adamlink.nl/geo/street/zanddwarsstraat/5141",,"yes","yes",,,,
"https://adamlink.nl/geo/street/zandhoek/5142",,,"yes",,,,
"https://adamlink.nl/geo/street/zandmansgang/6716",,,,"yes",,,
"https://adamlink.nl/geo/street/zandstraat/5145",,"yes","yes",,,,
"https://adamlink.nl/geo/street/zaturdagschegang/6932",,,,"yes","yes","no",
"https://adamlink.nl/geo/street/zeedijk/5154","yes","yes","yes",,,,
"https://adamlink.nl/geo/street/zeeftenmakersgang/8158",,,,"yes",,,
"https://adamlink.nl/geo/street/zeemansgang/6757",,,,"yes","no",,
"https://adamlink.nl/geo/street/zeemledergang/6889",,,,"yes","no",,
"https://adamlink.nl/geo/street/zegersgang/6770",,,,"yes",,,
"https://adamlink.nl/geo/street/zeven-haken-en-oogengang/6733",,,,"yes",,"yes","no"
"https://adamlink.nl/geo/street/zevenhuizengang/6887",,,,"yes",,,
"https://adamlink.nl/geo/street/zevenkattengang/6684",,,,"yes",,,
"https://adamlink.nl/geo/street/zevenkattengang/6693",,,,"yes","yes","no",
"https://adamlink.nl/geo/street/zevennaaldengang/6682",,,,"yes","yes","no",
"https://adamlink.nl/geo/street/ziekentroostersgang/6847",,,,"yes",,,
"https://adamlink.nl/geo/street/zijdewormengang/6787",,,,"yes",,"yes","no"
"https://adamlink.nl/geo/street/zilversmidsgang/7001",,"yes",,"yes",,,
"https://adamlink.nl/geo/street/zoetenaam-steegje/5488",,"yes","yes",,,,
"https://adamlink.nl/geo/street/zonnehofje/8160",,,,"yes",,,
"https://adamlink.nl/geo/street/zouterijgang/6890",,,,,,"yes","no"
"https://adamlink.nl/geo/street/zoutkeetsgracht/5188",,"yes","yes",,,,
"https://adamlink.nl/geo/street/zoutsteeg/5190",,"yes","yes",,,,
"https://adamlink.nl/geo/street/zuiderkerkhof/5200",,"yes",,,,,
"https://adamlink.nl/geo/street/zwaardragershofje/6775",,,,"yes",,,
"https://adamlink.nl/geo/street/zwanenburgerstraat/5221","yes",,"yes",,,,
"https://adamlink.nl/geo/street/zwanenburgwal/5222",,"yes",,,,,
"https://adamlink.nl/geo/street/zwanengang/6873",,,,"yes",,,
"https://adamlink.nl/geo/street/zwanengang/8161",,,,"yes",,,
"https://adamlink.nl/geo/street/zwarte-arendsgang/6869",,,,"yes","no",,
"https://adamlink.nl/geo/street/zwarte-bijlsteeg/5779",,,"yes",,,,
"https://adamlink.nl/geo/street/zwarte-ravengang/6815",,,,"yes","yes","no",
"https://adamlink.nl/geo/street/zwartehandsteeg/5226",,"yes",,"yes",,,
"https://adamlink.nl/geo/street/zwartepaard-steeg/5438",,"yes","yes","yes",,,
"https://adamlink.nl/geo/street/zwartesleutelgang/6829",,,,"yes","no",,
"https://adamlink.nl/geo/street/zwartlakenssteeg/7806",,,,"yes",,,
"https://adamlink.nl/geo/street/zwartlakensteeg/5658",,"yes","yes",,,,