https://adamlink.nl/geo/street/achtergracht/38,9,"vierde uitleg"
https://adamlink.nl/geo/street/admiraliteitstraat/54,9,"vierde uitleg"
https://adamlink.nl/geo/street/akoleienstraat/87,6,"derde uitleg"
https://adamlink.nl/geo/street/amstel/135,5,"tweede uitleg"
https://adamlink.nl/geo/street/amstelstraat/144,5,"tweede uitleg"
https://adamlink.nl/geo/street/amstelveld/146,9,"vierde uitleg"
https://adamlink.nl/geo/street/anjeliersstraat/168,6,"derde uitleg"
https://adamlink.nl/geo/street/anne-frankstraat/177,9,"vierde uitleg"
https://adamlink.nl/geo/street/as-onderwijzerhof/236,9,"vierde uitleg"
https://adamlink.nl/geo/street/baanbrugsteeg/261,6,"derde uitleg"
https://adamlink.nl/geo/street/bakkersstraat/278,5,"tweede uitleg"
https://adamlink.nl/geo/street/barndesteeg/311,3,"vijftiende-eeuwse uitbreidingen"
https://adamlink.nl/geo/street/begijnensteeg/346,1,"oudste stad"
https://adamlink.nl/geo/street/begijnhof/347,2,"veertiende-eeuwse uitbreidingen"
https://adamlink.nl/geo/street/berenstraat/394,6,"derde uitleg"
https://adamlink.nl/geo/street/bergstraat/396,5,"tweede uitleg"
https://adamlink.nl/geo/street/bethaniendwarsstraat/425,3,"vijftiende-eeuwse uitbreidingen"
https://adamlink.nl/geo/street/bethanienstraat/426,3,"vijftiende-eeuwse uitbreidingen"
https://adamlink.nl/geo/street/beulingstraat/431,5,"tweede uitleg"
https://adamlink.nl/geo/street/beurspassage/432,1,"oudste stad"
https://adamlink.nl/geo/street/beurspoortje/434,1,"oudste stad"
https://adamlink.nl/geo/street/beursstraat/435,1,"oudste stad"
https://adamlink.nl/geo/street/bickersgracht/442,6,"derde uitleg"
https://adamlink.nl/geo/street/bickerswerf/443,6,"derde uitleg"
https://adamlink.nl/geo/street/bijltjespad/455,9,"vierde uitleg"
https://adamlink.nl/geo/street/binnen-bantammerstraat/464,4,Lastage
https://adamlink.nl/geo/street/binnen-brouwersstraat/465,6,"derde uitleg"
https://adamlink.nl/geo/street/binnen-dommersstraat/466,6,"derde uitleg"
https://adamlink.nl/geo/street/binnen-oranjestraat/467,6,"derde uitleg"
https://adamlink.nl/geo/street/binnen-vissersstraat/468,5,"tweede uitleg"
https://adamlink.nl/geo/street/binnengasthuisstraat/471,3,"vijftiende-eeuwse uitbreidingen"
https://adamlink.nl/geo/street/binnenkadijk/476,9,"vierde uitleg"
https://adamlink.nl/geo/street/binnenkant/477,8,Waalseiland
https://adamlink.nl/geo/street/blaeu-erf/483,1,"oudste stad"
https://adamlink.nl/geo/street/blaeustraat/484,1,"oudste stad"
https://adamlink.nl/geo/street/blauwburgwal/489,5,"tweede uitleg"
https://adamlink.nl/geo/street/blindemansteeg/499,5,"tweede uitleg"
https://adamlink.nl/geo/street/bloedstraat/500,3,"vijftiende-eeuwse uitbreidingen"
https://adamlink.nl/geo/street/bloemgracht/503,6,"derde uitleg"
https://adamlink.nl/geo/street/bloemstraat/504,6,"derde uitleg"
https://adamlink.nl/geo/street/blokmakerstraat/506,6,"derde uitleg"
https://adamlink.nl/geo/street/boerensteeg/518,3,"vijftiende-eeuwse uitbreidingen"
https://adamlink.nl/geo/street/boomsteeg/542,3,"vijftiende-eeuwse uitbreidingen"
https://adamlink.nl/geo/street/boomstraat/543,6,"derde uitleg"
https://adamlink.nl/geo/street/bootstraat/547,9,"vierde uitleg"
https://adamlink.nl/geo/street/boulevardpad/577,9,"vierde uitleg"
https://adamlink.nl/geo/street/brandewijnsteeg/595,4,Lastage
https://adamlink.nl/geo/street/brouwersgracht/623,6,"derde uitleg"
https://adamlink.nl/geo/street/buiten-bantammerstraat/639,8,Waalseiland
https://adamlink.nl/geo/street/buiten-brouwersstraat/640,6,"derde uitleg"
https://adamlink.nl/geo/street/buiten-dommersstraat/641,6,"derde uitleg"
https://adamlink.nl/geo/street/buiten-kadijken/643,9,"vierde uitleg"
https://adamlink.nl/geo/street/buiten-oranjestraat/644,6,"derde uitleg"
https://adamlink.nl/geo/street/buiten-vissersstraat/645,5,"tweede uitleg"
https://adamlink.nl/geo/street/buiten-wieringerstraat/646,5,"tweede uitleg"
https://adamlink.nl/geo/street/cellebroerssteeg/725,1,"oudste stad"
https://adamlink.nl/geo/street/compagniestraat/791,9,"vierde uitleg"
https://adamlink.nl/geo/street/dam/880,1,"oudste stad"
https://adamlink.nl/geo/street/damrak/882,1,"oudste stad"
https://adamlink.nl/geo/street/damraksteeg/883,1,"oudste stad"
https://adamlink.nl/geo/street/damstraat/884,1,"oudste stad"
https://adamlink.nl/geo/street/derde-leliedwarsstraat/969,6,"derde uitleg"
https://adamlink.nl/geo/street/derde-looiersdwarsstraat/970,6,"derde uitleg"
https://adamlink.nl/geo/street/dijkdwarsstraat/1004,4,Lastage
https://adamlink.nl/geo/street/dijkstraat/1009,4,Lastage
https://adamlink.nl/geo/street/dirk-van-hasseltssteeg/1026,1,"oudste stad"
https://adamlink.nl/geo/street/dollebegijnensteeg/1055,1,"oudste stad"
https://adamlink.nl/geo/street/dr-dm-sluyspad/1084,9,"vierde uitleg"
https://adamlink.nl/geo/street/driehoekstraat/1095,6,"derde uitleg"
https://adamlink.nl/geo/street/driekoningenstraat/1096,5,"tweede uitleg"
https://adamlink.nl/geo/street/droogbak/1098,5,"tweede uitleg"
https://adamlink.nl/geo/street/dubbeleworststeeg/1105,5,"tweede uitleg"
https://adamlink.nl/geo/street/duifjessteeg/1112,1,"oudste stad"
https://adamlink.nl/geo/street/dwars-spinhuissteeg/1132,3,"vijftiende-eeuwse uitbreidingen"
https://adamlink.nl/geo/street/eerste-bloemdwarsstraat/1168,6,"derde uitleg"
https://adamlink.nl/geo/street/eerste-boomdwarsstraat/1170,6,"derde uitleg"
https://adamlink.nl/geo/street/eerste-breeuwersstraat/1171,6,"derde uitleg"
https://adamlink.nl/geo/street/eerste-leliedwarsstraat/1188,6,"derde uitleg"
https://adamlink.nl/geo/street/eerste-lindendwarsstraat/1189,6,"derde uitleg"
https://adamlink.nl/geo/street/eerste-marnixplantsoen/1192,6,"derde uitleg"
https://adamlink.nl/geo/street/eerste-rozendwarsstraat/1197,6,"derde uitleg"
https://adamlink.nl/geo/street/eerste-tuindwarsstraat/1200,6,"derde uitleg"
https://adamlink.nl/geo/street/egelantiersgracht/1209,6,"derde uitleg"
https://adamlink.nl/geo/street/egelantiersstraat/1210,6,"derde uitleg"
https://adamlink.nl/geo/street/eggertstraat/1214,1,"oudste stad"
https://adamlink.nl/geo/street/elandsgracht/1231,6,"derde uitleg"
https://adamlink.nl/geo/street/elandsstraat/1232,6,"derde uitleg"
https://adamlink.nl/geo/street/elleboogsteeg/1241,3,"vijftiende-eeuwse uitbreidingen"
https://adamlink.nl/geo/street/enge-kapelsteeg/1257,1,"oudste stad"
https://adamlink.nl/geo/street/enge-kerksteeg/1258,1,"oudste stad"
https://adamlink.nl/geo/street/enge-lombardsteeg/1259,1,"oudste stad"
https://adamlink.nl/geo/street/engelsesteeg/1261,3,"vijftiende-eeuwse uitbreidingen"
https://adamlink.nl/geo/street/entrepotdok/1267,9,"vierde uitleg"
https://adamlink.nl/geo/street/entrepotdoksluis/1268,9,"vierde uitleg"
https://adamlink.nl/geo/street/falckstraat/1307,9,"vierde uitleg"
https://adamlink.nl/geo/street/februariplein/1315,5,"tweede uitleg"
https://adamlink.nl/geo/street/foeliedwarsstraat/1348,5,"tweede uitleg"
https://adamlink.nl/geo/street/foeliestraat/1349,5,"tweede uitleg"
https://adamlink.nl/geo/street/fokke-simonszstraat/1352,9,"vierde uitleg"
https://adamlink.nl/geo/street/fortuinstraat/1361,9,"vierde uitleg"
https://adamlink.nl/geo/street/frederiksplein/1391,9,"vierde uitleg"
https://adamlink.nl/geo/street/galgenstraat/1422,6,"derde uitleg"
https://adamlink.nl/geo/street/gapersteeg/1436,1,"oudste stad"
https://adamlink.nl/geo/street/gasthuismolensteeg/1439,5,"tweede uitleg"
https://adamlink.nl/geo/street/gebed-zonder-end/1441,1,"oudste stad"
https://adamlink.nl/geo/street/gedempte-begijnensloot/1444,1,"oudste stad"
https://adamlink.nl/geo/street/geelvinckssteeg/1449,5,"tweede uitleg"
https://adamlink.nl/geo/street/geldersekade/1459,3,"vijftiende-eeuwse uitbreidingen"
https://adamlink.nl/geo/street/geldersesteeg/1460,4,Lastage
https://adamlink.nl/geo/street/geschutswerf/1501,9,"vierde uitleg"
https://adamlink.nl/geo/street/gietersstraat/1509,6,"derde uitleg"
https://adamlink.nl/geo/street/gordijnensteeg/1527,3,"vijftiende-eeuwse uitbreidingen"
https://adamlink.nl/geo/street/goudsbloemstraat/1537,6,"derde uitleg"
https://adamlink.nl/geo/street/gouwenaarssteeg/1538,3,"vijftiende-eeuwse uitbreidingen"
https://adamlink.nl/geo/street/gravenstraat/1553,1,"oudste stad"
https://adamlink.nl/geo/street/grimburgwal/1561,3,"vijftiende-eeuwse uitbreidingen"
https://adamlink.nl/geo/street/groenburgwal/1564,5,"tweede uitleg"
https://adamlink.nl/geo/street/grote-bickersstraat/1590,6,"derde uitleg"
https://adamlink.nl/geo/street/grote-wittenburgerstraat/1596,9,"vierde uitleg"
https://adamlink.nl/geo/street/haarlemmer-houttuinen/1625,6,"derde uitleg"
https://adamlink.nl/geo/street/haarlemmerdijk/1626,6,"derde uitleg"
https://adamlink.nl/geo/street/haarlemmerplein/1628,6,"derde uitleg"
https://adamlink.nl/geo/street/haarlemmerstraat/1629,5,"tweede uitleg"
https://adamlink.nl/geo/street/halvemaansteeg/1644,5,"tweede uitleg"
https://adamlink.nl/geo/street/handboogstraat/1653,3,"vijftiende-eeuwse uitbreidingen"
https://adamlink.nl/geo/street/haringpakkerssteeg/1666,3,"vijftiende-eeuwse uitbreidingen"
https://adamlink.nl/geo/street/hartenstraat/1676,6,"derde uitleg"
https://adamlink.nl/geo/street/hasselaerssteeg/1679,3,"vijftiende-eeuwse uitbreidingen"
https://adamlink.nl/geo/street/hazenstraat/1693,6,"derde uitleg"
https://adamlink.nl/geo/street/heiligeweg/1705,3,"vijftiende-eeuwse uitbreidingen"
https://adamlink.nl/geo/street/heintje-hoekssteeg/1708,1,"oudste stad"
https://adamlink.nl/geo/street/heisteeg/1710,3,"vijftiende-eeuwse uitbreidingen"
https://adamlink.nl/geo/street/hekelveld/1711,3,"vijftiende-eeuwse uitbreidingen"
https://adamlink.nl/geo/street/henri-polaklaan/1753,9,"vierde uitleg"
https://adamlink.nl/geo/street/herenmarkt/1769,6,"derde uitleg"
https://adamlink.nl/geo/street/herenstraat/1770,6,"derde uitleg"
https://adamlink.nl/geo/street/hermietenstraat/1785,1,"oudste stad"
https://adamlink.nl/geo/street/hollandse-tuin/1853,6,"derde uitleg"
https://adamlink.nl/geo/street/hoogte-kadijk/1877,9,"vierde uitleg"
https://adamlink.nl/geo/street/hortusplantsoen/1888,9,"vierde uitleg"
https://adamlink.nl/geo/street/houtkopersburgwal/1893,5,"tweede uitleg"
https://adamlink.nl/geo/street/houtkopersdwarsstraat/1894,5,"tweede uitleg"
https://adamlink.nl/geo/street/houtmanstraat/1897,6,"derde uitleg"
https://adamlink.nl/geo/street/huidekoperstraat/1912,9,"vierde uitleg"
https://adamlink.nl/geo/street/huidenstraat/1913,6,"derde uitleg"
https://adamlink.nl/geo/street/jacob-bontiusplaats/2001,9,"vierde uitleg"
https://adamlink.nl/geo/street/jacob-burggraafstraat/2002,9,"vierde uitleg"
https://adamlink.nl/geo/street/jacob-oliepad/2019,6,"derde uitleg"
https://adamlink.nl/geo/street/jan-mensplein/2068,6,"derde uitleg"
https://adamlink.nl/geo/street/jan-witheijnstraat/2108,9,"vierde uitleg"
https://adamlink.nl/geo/street/jeroenensteeg/2133,3,"vijftiende-eeuwse uitbreidingen"
https://adamlink.nl/geo/street/jodenbreestraat/2158,5,"tweede uitleg"
https://adamlink.nl/geo/street/jonas-daniel-meijerplein/2220,9,"vierde uitleg"
https://adamlink.nl/geo/street/jonge-roelensteeg/2221,1,"oudste stad"
https://adamlink.nl/geo/street/jw-siebbeleshof/2253,4,Lastage
https://adamlink.nl/geo/street/kadijksplein/2258,9,"vierde uitleg"
https://adamlink.nl/geo/street/kalfsvelsteeg/2265,1,"oudste stad"
https://adamlink.nl/geo/street/kalkmarkt/2266,8,Waalseiland
https://adamlink.nl/geo/street/kalverstraat/2269,1,"oudste stad"
https://adamlink.nl/geo/street/karnemelksteeg/2298,3,"vijftiende-eeuwse uitbreidingen"
https://adamlink.nl/geo/street/karthuizersdwarsstraat/2304,6,"derde uitleg"
https://adamlink.nl/geo/street/karthuizersplantsoen/2306,6,"derde uitleg"
https://adamlink.nl/geo/street/karthuizersstraat/2307,6,"derde uitleg"
https://adamlink.nl/geo/street/kattenburgergracht/2315,9,"vierde uitleg"
https://adamlink.nl/geo/street/kattenburgerhof/2316,9,"vierde uitleg"
https://adamlink.nl/geo/street/kattenburgerkruisstraat/2318,9,"vierde uitleg"
https://adamlink.nl/geo/street/kattenburgerplein/2319,9,"vierde uitleg"
https://adamlink.nl/geo/street/kattengat/2322,3,"vijftiende-eeuwse uitbreidingen"
https://adamlink.nl/geo/street/keerpunt/2329,6,"derde uitleg"
https://adamlink.nl/geo/street/keizerrijk/2336,2,"veertiende-eeuwse uitbreidingen"
https://adamlink.nl/geo/street/keizersstraat/2338,4,Lastage
https://adamlink.nl/geo/street/kerkstraat/2355,9,"vierde uitleg"
https://adamlink.nl/geo/street/ketelmakerstraat/2364,6,"derde uitleg"
https://adamlink.nl/geo/street/kleersloot/2386,4,Lastage
https://adamlink.nl/geo/street/kleine-bickersstraat/2390,6,"derde uitleg"
https://adamlink.nl/geo/street/kleine-houtstraat/2395,6,"derde uitleg"
https://adamlink.nl/geo/street/kleinegartmanplantsoen/2399,9,"vierde uitleg"
https://adamlink.nl/geo/street/klimopstraatje/2401,3,"vijftiende-eeuwse uitbreidingen"
https://adamlink.nl/geo/street/kloveniersburgwal/2409,3,"vijftiende-eeuwse uitbreidingen"
https://adamlink.nl/geo/street/klovenierssteeg/2410,5,"tweede uitleg"
https://adamlink.nl/geo/street/koerierstersplein/2423,5,"tweede uitleg"
https://adamlink.nl/geo/street/koestraat/2424,3,"vijftiende-eeuwse uitbreidingen"
https://adamlink.nl/geo/street/koggestraat/2427,3,"vijftiende-eeuwse uitbreidingen"
https://adamlink.nl/geo/street/kolksteeg/2432,1,"oudste stad"
https://adamlink.nl/geo/street/konijnenstraat/2438,6,"derde uitleg"
https://adamlink.nl/geo/street/koningsplein/2445,5,"tweede uitleg"
https://adamlink.nl/geo/street/koningsstraat/2446,4,Lastage
https://adamlink.nl/geo/street/korsjespoortsteeg/2460,5,"tweede uitleg"
https://adamlink.nl/geo/street/korte-amstelstraat/2461,9,"vierde uitleg"
https://adamlink.nl/geo/street/korte-dijkstraat/2464,4,Lastage
https://adamlink.nl/geo/street/korte-keizersdwarsstraat/2469,4,Lastage
https://adamlink.nl/geo/street/korte-keizersstraat/2470,4,Lastage
https://adamlink.nl/geo/street/korte-kolksteeg/2471,2,"veertiende-eeuwse uitbreidingen"
https://adamlink.nl/geo/street/korte-koningsdwarsstraat/2472,4,Lastage
https://adamlink.nl/geo/street/korte-koningsstraat/2473,4,Lastage
https://adamlink.nl/geo/street/korte-korsjespoortsteeg/2474,3,"vijftiende-eeuwse uitbreidingen"
https://adamlink.nl/geo/street/korte-leidsedwarsstraat/2475,9,"vierde uitleg"
https://adamlink.nl/geo/street/korte-lepelstraat/2476,9,"vierde uitleg"
https://adamlink.nl/geo/street/korte-lijnbaanssteeg/2477,2,"veertiende-eeuwse uitbreidingen"
https://adamlink.nl/geo/street/korte-marnixkade/2478,6,"derde uitleg"
https://adamlink.nl/geo/street/korte-marnixstraat/2479,6,"derde uitleg"
https://adamlink.nl/geo/street/korte-niezel/2481,2,"veertiende-eeuwse uitbreidingen"
https://adamlink.nl/geo/street/korte-prinsengracht/2484,6,"derde uitleg"
https://adamlink.nl/geo/street/korte-spinhuissteeg/2488,3,"vijftiende-eeuwse uitbreidingen"
https://adamlink.nl/geo/street/korte-stormsteeg/2489,3,"vijftiende-eeuwse uitbreidingen"
https://adamlink.nl/geo/street/korte-wagenstraat/2493,6,"derde uitleg"
https://adamlink.nl/geo/street/korte-zoutkeetsgracht/2496,6,"derde uitleg"
https://adamlink.nl/geo/street/kreupelsteeg/2533,2,"veertiende-eeuwse uitbreidingen"
https://adamlink.nl/geo/street/krom-boomssloot/2539,4,Lastage
https://adamlink.nl/geo/street/kromelleboogsteeg/2541,1,"oudste stad"
https://adamlink.nl/geo/street/kromme-palmstraat/2544,6,"derde uitleg"
https://adamlink.nl/geo/street/kromme-waal/2545,4,Lastage
https://adamlink.nl/geo/street/kruithuisstraat/2561,9,"vierde uitleg"
https://adamlink.nl/geo/street/kuiperssteeg/2567,1,"oudste stad"
https://adamlink.nl/geo/street/laagte-kadijk/2582,9,"vierde uitleg"
https://adamlink.nl/geo/street/lange-leidsedwarsstraat/2609,9,"vierde uitleg"
https://adamlink.nl/geo/street/lange-niezel/2610,1,"oudste stad"
https://adamlink.nl/geo/street/langebrugsteeg/2614,1,"oudste stad"
https://adamlink.nl/geo/street/langestraat/2616,5,"tweede uitleg"
https://adamlink.nl/geo/street/lastageweg/2625,4,Lastage
https://adamlink.nl/geo/street/lauriergracht/2630,6,"derde uitleg"
https://adamlink.nl/geo/street/laurierhof/2631,6,"derde uitleg"
https://adamlink.nl/geo/street/laurierstraat/2632,6,"derde uitleg"
https://adamlink.nl/geo/street/leeuwenwerf/2649,9,"vierde uitleg"
https://adamlink.nl/geo/street/leidekkerssteeg/2655,1,"oudste stad"
https://adamlink.nl/geo/street/leidsegracht/2658,6,"derde uitleg"
https://adamlink.nl/geo/street/leidsekruisstraat/2660,9,"vierde uitleg"
https://adamlink.nl/geo/street/leidsestraat/2662,9,"vierde uitleg"
https://adamlink.nl/geo/street/leliegracht/2668,6,"derde uitleg"
https://adamlink.nl/geo/street/lepelkruisstraat/2678,9,"vierde uitleg"
https://adamlink.nl/geo/street/lepelstraat/2679,9,"vierde uitleg"
https://adamlink.nl/geo/street/lijnbaanssteeg/2699,3,"vijftiende-eeuwse uitbreidingen"
https://adamlink.nl/geo/street/lijnbaansstraat/2700,6,"derde uitleg"
https://adamlink.nl/geo/street/lindengracht/2707,6,"derde uitleg"
https://adamlink.nl/geo/street/lindenstraat/2708,6,"derde uitleg"
https://adamlink.nl/geo/street/looiersgracht/2747,6,"derde uitleg"
https://adamlink.nl/geo/street/madelievenstraat/2811,6,"derde uitleg"
https://adamlink.nl/geo/street/mandenmakerssteeg/2834,1,"oudste stad"
https://adamlink.nl/geo/street/manegestraat/2835,9,"vierde uitleg"
https://adamlink.nl/geo/street/marinierskade/2860,9,"vierde uitleg"
https://adamlink.nl/geo/street/markenplein/2870,5,"tweede uitleg"
https://adamlink.nl/geo/street/marnixkade/2874,6,"derde uitleg"
https://adamlink.nl/geo/street/marnixplein/2875,6,"derde uitleg"
https://adamlink.nl/geo/street/marnixstraat/2876,6,"derde uitleg"
https://adamlink.nl/geo/street/martelaarsgracht/2883,3,"vijftiende-eeuwse uitbreidingen"
https://adamlink.nl/geo/street/matrozenhof/2901,9,"vierde uitleg"
https://adamlink.nl/geo/street/minnemoersstraat/2995,6,"derde uitleg"
https://adamlink.nl/geo/street/moddermolenstraat/3000,5,"tweede uitleg"
https://adamlink.nl/geo/street/molenpad/3016,6,"derde uitleg"
https://adamlink.nl/geo/street/molensteeg/3020,3,"vijftiende-eeuwse uitbreidingen"
https://adamlink.nl/geo/street/molsteeg/3022,2,"veertiende-eeuwse uitbreidingen"
https://adamlink.nl/geo/street/monnikendwarsstraat/3029,3,"vijftiende-eeuwse uitbreidingen"
https://adamlink.nl/geo/street/monnikenstraat/3030,3,"vijftiende-eeuwse uitbreidingen"
https://adamlink.nl/geo/street/montelbaanstraat/3037,4,Lastage
https://adamlink.nl/geo/street/mosterdpotsteeg/3046,2,"veertiende-eeuwse uitbreidingen"
https://adamlink.nl/geo/street/mouthaansteeg/3051,6,"derde uitleg"
https://adamlink.nl/geo/street/mozes-en-aaronstraat/3053,2,"veertiende-eeuwse uitbreidingen"
https://adamlink.nl/geo/street/mr-visserplein/3056,9,"vierde uitleg"
https://adamlink.nl/geo/street/muiderstraat/3063,9,"vierde uitleg"
https://adamlink.nl/geo/street/muntplein/3067,3,"vijftiende-eeuwse uitbreidingen"
https://adamlink.nl/geo/street/nadorststeeg/3084,1,"oudste stad"
https://adamlink.nl/geo/street/nes/3107,1,"oudste stad"
https://adamlink.nl/geo/street/nieuwe-achtergracht/3136,9,"vierde uitleg"
https://adamlink.nl/geo/street/nieuwe-amstelstraat/3138,9,"vierde uitleg"
https://adamlink.nl/geo/street/nieuwe-batavierstraat/3139,5,"tweede uitleg"
https://adamlink.nl/geo/street/nieuwe-doelenstraat/3142,3,"vijftiende-eeuwse uitbreidingen"
https://adamlink.nl/geo/street/nieuwe-egelantiersstraat/3143,6,"derde uitleg"
https://adamlink.nl/geo/street/nieuwe-foeliestraat/3144,5,"tweede uitleg"
https://adamlink.nl/geo/street/nieuwe-gietersstraat/3145,6,"derde uitleg"
https://adamlink.nl/geo/street/nieuwe-herengracht/3149,9,"vierde uitleg"
https://adamlink.nl/geo/street/nieuwe-hoogstraat/3150,5,"tweede uitleg"
https://adamlink.nl/geo/street/nieuwe-houttuinen/3152,6,"derde uitleg"
https://adamlink.nl/geo/street/nieuwe-jonkerstraat/3153,4,Lastage
https://adamlink.nl/geo/street/nieuwe-keizersgracht/3155,9,"vierde uitleg"
https://adamlink.nl/geo/street/nieuwe-kerkstraat/3156,9,"vierde uitleg"
https://adamlink.nl/geo/street/nieuwe-leliestraat/3159,6,"derde uitleg"
https://adamlink.nl/geo/street/nieuwe-looiersstraat/3161,9,"vierde uitleg"
https://adamlink.nl/geo/street/nieuwe-nieuwstraat/3165,1,"oudste stad"
https://adamlink.nl/geo/street/nieuwe-passeerdersstraat/3169,6,"derde uitleg"
https://adamlink.nl/geo/street/nieuwe-prinsengracht/3170,9,"vierde uitleg"
https://adamlink.nl/geo/street/nieuwe-ridderstraat/3172,4,Lastage
https://adamlink.nl/geo/street/nieuwe-spaarpotsteeg/3174,3,"vijftiende-eeuwse uitbreidingen"
https://adamlink.nl/geo/street/nieuwe-spiegelstraat/3175,9,"vierde uitleg"
https://adamlink.nl/geo/street/nieuwe-teertuinen/3176,6,"derde uitleg"
https://adamlink.nl/geo/street/nieuwe-tuinstraat/3177,6,"derde uitleg"
https://adamlink.nl/geo/street/nieuwe-uilenburgerstraat/3178,5,"tweede uitleg"
https://adamlink.nl/geo/street/nieuwe-vijzelstraat/3180,9,"vierde uitleg"
https://adamlink.nl/geo/street/nieuwe-wagenstraat/3181,6,"derde uitleg"
https://adamlink.nl/geo/street/nieuwe-weteringstraat/3184,9,"vierde uitleg"
https://adamlink.nl/geo/street/nieuwe-willemsstraat/3185,6,"derde uitleg"
https://adamlink.nl/geo/street/nieuwebrugsteeg/3187,3,"vijftiende-eeuwse uitbreidingen"
https://adamlink.nl/geo/street/nieuwegrachtje/3189,5,"tweede uitleg"
https://adamlink.nl/geo/street/nieuwehoofdhof/3190,9,"vierde uitleg"
https://adamlink.nl/geo/street/nieuwendijk/3198,1,"oudste stad"
https://adamlink.nl/geo/street/nieuwevaart/3202,9,"vierde uitleg"
https://adamlink.nl/geo/street/nieuwezijds-armsteeg/3205,1,"oudste stad"
https://adamlink.nl/geo/street/nieuwezijds-kolk/3206,1,"oudste stad"
https://adamlink.nl/geo/street/nieuwezijds-voorburgwal/3207,1,"oudste stad"
https://adamlink.nl/geo/street/nieuwmarkt/3209,4,Lastage
https://adamlink.nl/geo/street/noorderdwarsstraat/3233,9,"vierde uitleg"
https://adamlink.nl/geo/street/noorderkerkstraat/3236,6,"derde uitleg"
https://adamlink.nl/geo/street/noordermarkt/3238,6,"derde uitleg"
https://adamlink.nl/geo/street/noorderstraat/3240,9,"vierde uitleg"
https://adamlink.nl/geo/street/olieslagerssteeg/3282,3,"vijftiende-eeuwse uitbreidingen"
https://adamlink.nl/geo/street/olifantswerf/3283,9,"vierde uitleg"
https://adamlink.nl/geo/street/onbekendegracht/3296,9,"vierde uitleg"
https://adamlink.nl/geo/street/onkelboerensteeg/3298,5,"tweede uitleg"
https://adamlink.nl/geo/street/onze-lieve-vrouwesteeg/3301,1,"oudste stad"
https://adamlink.nl/geo/street/oostenburgerdwarsstraat/3311,9,"vierde uitleg"
https://adamlink.nl/geo/street/oostenburgergracht/3313,9,"vierde uitleg"
https://adamlink.nl/geo/street/oostenburgermiddenstraat/3315,9,"vierde uitleg"
https://adamlink.nl/geo/street/oostenburgerpark/3316,9,"vierde uitleg"
https://adamlink.nl/geo/street/oostenburgervoorstraat/3318,9,"vierde uitleg"
https://adamlink.nl/geo/street/oostersekade/3329,5,"tweede uitleg"
https://adamlink.nl/geo/street/openhartsteeg/3342,5,"tweede uitleg"
https://adamlink.nl/geo/street/ossenspooksteeg/3373,3,"vijftiende-eeuwse uitbreidingen"
https://adamlink.nl/geo/street/oude-braak/3381,1,"oudste stad"
https://adamlink.nl/geo/street/oude-doelenstraat/3382,2,"veertiende-eeuwse uitbreidingen"
https://adamlink.nl/geo/street/oude-hoogstraat/3384,3,"vijftiende-eeuwse uitbreidingen"
https://adamlink.nl/geo/street/oude-leliestraat/3386,5,"tweede uitleg"
https://adamlink.nl/geo/street/oude-looiersstraat/3387,6,"derde uitleg"
https://adamlink.nl/geo/street/oude-nieuwstraat/3389,3,"vijftiende-eeuwse uitbreidingen"
https://adamlink.nl/geo/street/oude-spiegelstraat/3391,5,"tweede uitleg"
https://adamlink.nl/geo/street/oude-turfmarkt/3392,3,"vijftiende-eeuwse uitbreidingen"
https://adamlink.nl/geo/street/oude-waal/3393,4,Lastage
https://adamlink.nl/geo/street/oudebrugsteeg/3394,1,"oudste stad"
https://adamlink.nl/geo/street/oudekennissteeg/3397,2,"veertiende-eeuwse uitbreidingen"
https://adamlink.nl/geo/street/oudekerksplein/3398,1,"oudste stad"
https://adamlink.nl/geo/street/oudemanhuispoort/3399,3,"vijftiende-eeuwse uitbreidingen"
https://adamlink.nl/geo/street/oudeschans/3405,4,Lastage
https://adamlink.nl/geo/street/oudezijds-achterburgwal/3406,3,"vijftiende-eeuwse uitbreidingen"
https://adamlink.nl/geo/street/oudezijds-armsteeg/3407,1,"oudste stad"
https://adamlink.nl/geo/street/oudezijds-kolk/3408,3,"vijftiende-eeuwse uitbreidingen"
https://adamlink.nl/geo/street/oudezijds-voorburgwal/3409,3,"vijftiende-eeuwse uitbreidingen"
https://adamlink.nl/geo/street/overhaalsgang/3419,9,"vierde uitleg"
https://adamlink.nl/geo/street/paardenstraat/3439,5,"tweede uitleg"
https://adamlink.nl/geo/street/paleisstraat/3447,1,"oudste stad"
https://adamlink.nl/geo/street/palmdwarsstraat/3451,6,"derde uitleg"
https://adamlink.nl/geo/street/palmgracht/3452,6,"derde uitleg"
https://adamlink.nl/geo/street/palmstraat/3453,6,"derde uitleg"
https://adamlink.nl/geo/street/panaalsteeg/3456,3,"vijftiende-eeuwse uitbreidingen"
https://adamlink.nl/geo/street/papenbroekssteeg/3466,1,"oudste stad"
https://adamlink.nl/geo/street/papenbrugsteeg/3467,1,"oudste stad"
https://adamlink.nl/geo/street/parelstraat/3474,9,"vierde uitleg"
https://adamlink.nl/geo/street/passeerdersgracht/3483,6,"derde uitleg"
https://adamlink.nl/geo/street/passeerdersstraat/3484,6,"derde uitleg"
https://adamlink.nl/geo/street/paternostersteeg/3489,1,"oudste stad"
https://adamlink.nl/geo/street/pentagon/3514,5,"tweede uitleg"
https://adamlink.nl/geo/street/peperstraat/3515,5,"tweede uitleg"
https://adamlink.nl/geo/street/pieter-jacobszstraat/3569,1,"oudste stad"
https://adamlink.nl/geo/street/pijlsteeg/3588,1,"oudste stad"
https://adamlink.nl/geo/street/planciusstraat/3601,6,"derde uitleg"
https://adamlink.nl/geo/street/plantage-badlaan/3604,9,"vierde uitleg"
https://adamlink.nl/geo/street/plantage-doklaan/3605,9,"vierde uitleg"
https://adamlink.nl/geo/street/plantage-kerklaan/3606,9,"vierde uitleg"
https://adamlink.nl/geo/street/plantage-lepellaan/3607,9,"vierde uitleg"
https://adamlink.nl/geo/street/plantage-middenlaan/3608,9,"vierde uitleg"
https://adamlink.nl/geo/street/plantage-muidergracht/3609,9,"vierde uitleg"
https://adamlink.nl/geo/street/plantage-parklaan/3610,9,"vierde uitleg"
https://adamlink.nl/geo/street/plantage-westermanlaan/3611,9,"vierde uitleg"
https://adamlink.nl/geo/street/plantagekade/3612,9,"vierde uitleg"
https://adamlink.nl/geo/street/poolstraat/3652,9,"vierde uitleg"
https://adamlink.nl/geo/street/prinseneiland/3682,6,"derde uitleg"
https://adamlink.nl/geo/street/prinsenhofssteeg/3685,2,"veertiende-eeuwse uitbreidingen"
https://adamlink.nl/geo/street/prinsenstraat/3686,6,"derde uitleg"
https://adamlink.nl/geo/street/raamdwarsstraat/3723,6,"derde uitleg"
https://adamlink.nl/geo/street/raamplein/3725,6,"derde uitleg"
https://adamlink.nl/geo/street/raamsteeg/3726,3,"vijftiende-eeuwse uitbreidingen"
https://adamlink.nl/geo/street/raamstraat/3727,6,"derde uitleg"
https://adamlink.nl/geo/street/ramskooi/3734,3,"vijftiende-eeuwse uitbreidingen"
https://adamlink.nl/geo/street/rapenburg/3742,5,"tweede uitleg"
https://adamlink.nl/geo/street/rapenburgerplein/3743,5,"tweede uitleg"
https://adamlink.nl/geo/street/rapenburgerstraat/3744,9,"vierde uitleg"
https://adamlink.nl/geo/street/ravenstraat/3751,9,"vierde uitleg"
https://adamlink.nl/geo/street/ravenwerf/3753,9,"vierde uitleg"
https://adamlink.nl/geo/street/realengracht/3754,6,"derde uitleg"
https://adamlink.nl/geo/street/recht-boomssloot/3756,4,Lastage
https://adamlink.nl/geo/street/reestraat/3757,6,"derde uitleg"
https://adamlink.nl/geo/street/reguliersbreestraat/3761,5,"tweede uitleg"
https://adamlink.nl/geo/street/reguliersdwarsstraat/3762,5,"tweede uitleg"
https://adamlink.nl/geo/street/regulierssteeg/3764,5,"tweede uitleg"
https://adamlink.nl/geo/street/rembrandtplein/3785,9,"vierde uitleg"
https://adamlink.nl/geo/street/roetersstraat/3864,9,"vierde uitleg"
https://adamlink.nl/geo/street/rokin/3867,1,"oudste stad"
https://adamlink.nl/geo/street/romeinsarmsteeg/3871,5,"tweede uitleg"
https://adamlink.nl/geo/street/roomolenstraat/3875,5,"tweede uitleg"
https://adamlink.nl/geo/street/roskamsteeg/3885,2,"veertiende-eeuwse uitbreidingen"
https://adamlink.nl/geo/street/rosmarijnsteeg/3886,2,"veertiende-eeuwse uitbreidingen"
https://adamlink.nl/geo/street/rozenboomsteeg/3897,1,"oudste stad"
https://adamlink.nl/geo/street/rozengracht/3899,6,"derde uitleg"
https://adamlink.nl/geo/street/rozenstraat/3901,6,"derde uitleg"
https://adamlink.nl/geo/street/runstraat/3912,6,"derde uitleg"
https://adamlink.nl/geo/street/rusland/3914,3,"vijftiende-eeuwse uitbreidingen"
https://adamlink.nl/geo/street/sarphatistraat/3956,9,"vierde uitleg"
https://adamlink.nl/geo/street/schapensteeg/3975,5,"tweede uitleg"
https://adamlink.nl/geo/street/schiemanstraat/3993,6,"derde uitleg"
https://adamlink.nl/geo/street/schippersgracht/4008,5,"tweede uitleg"
https://adamlink.nl/geo/street/schippersstraat/4009,8,Waalseiland
https://adamlink.nl/geo/street/schoorsteenvegerssteeg/4024,3,"vijftiende-eeuwse uitbreidingen"
https://adamlink.nl/geo/street/schoutensteeg/4029,1,"oudste stad"
https://adamlink.nl/geo/street/servetsteeg/4050,1,"oudste stad"
https://adamlink.nl/geo/street/singel/4088,3,"vijftiende-eeuwse uitbreidingen"
https://adamlink.nl/geo/street/sint-agnietenstraat/4093,2,"veertiende-eeuwse uitbreidingen"
https://adamlink.nl/geo/street/sint-annendwarsstraat/4094,1,"oudste stad"
https://adamlink.nl/geo/street/sint-annenstraat/4095,1,"oudste stad"
https://adamlink.nl/geo/street/sint-antoniesbreestraat/4096,4,Lastage
https://adamlink.nl/geo/street/sint-antoniesluis/4097,4,Lastage
https://adamlink.nl/geo/street/sint-barberenstraat/4098,1,"oudste stad"
https://adamlink.nl/geo/street/sint-geertruidensteeg/4099,1,"oudste stad"
https://adamlink.nl/geo/street/sint-jacobsdwarsstraat/4102,1,"oudste stad"
https://adamlink.nl/geo/street/sint-jacobsstraat/4103,1,"oudste stad"
https://adamlink.nl/geo/street/sint-jansstraat/4104,1,"oudste stad"
https://adamlink.nl/geo/street/sint-jorisstraat/4105,5,"tweede uitleg"
https://adamlink.nl/geo/street/sint-luciensteeg/4106,1,"oudste stad"
https://adamlink.nl/geo/street/sint-nicolaasstraat/4107,1,"oudste stad"
https://adamlink.nl/geo/street/sint-olofspoort/4108,3,"vijftiende-eeuwse uitbreidingen"
https://adamlink.nl/geo/street/sint-olofssteeg/4109,3,"vijftiende-eeuwse uitbreidingen"
https://adamlink.nl/geo/street/sint-pietershalsteeg/4110,1,"oudste stad"
https://adamlink.nl/geo/street/sint-pieterspoortsteeg/4112,1,"oudste stad"
https://adamlink.nl/geo/street/sint-pieterssteeg/4113,5,"tweede uitleg"
https://adamlink.nl/geo/street/slijkstraat/4134,3,"vijftiende-eeuwse uitbreidingen"
https://adamlink.nl/geo/street/slootstraat/4142,6,"derde uitleg"
https://adamlink.nl/geo/street/sloterdijkstraat/4144,6,"derde uitleg"
https://adamlink.nl/geo/street/smaksteeg/4156,3,"vijftiende-eeuwse uitbreidingen"
https://adamlink.nl/geo/street/snoekjesgracht/4171,4,Lastage
https://adamlink.nl/geo/street/snoekjessteeg/4172,4,Lastage
https://adamlink.nl/geo/street/spaarpotsteeg/4203,1,"oudste stad"
https://adamlink.nl/geo/street/spiegelgracht/4221,9,"vierde uitleg"
https://adamlink.nl/geo/street/spinhuissteeg/4228,3,"vijftiende-eeuwse uitbreidingen"
https://adamlink.nl/geo/street/spinozastraat/4231,9,"vierde uitleg"
https://adamlink.nl/geo/street/spooksteeg/4235,3,"vijftiende-eeuwse uitbreidingen"
https://adamlink.nl/geo/street/spui/4275,3,"vijftiende-eeuwse uitbreidingen"
https://adamlink.nl/geo/street/staalkade/4279,7,"aanplempingen Binnen-Amstel"
https://adamlink.nl/geo/street/staalstraat/4282,5,"tweede uitleg"
https://adamlink.nl/geo/street/steenhouwerssteeg/4308,1,"oudste stad"
https://adamlink.nl/geo/street/stoofsteeg/4331,2,"veertiende-eeuwse uitbreidingen"
https://adamlink.nl/geo/street/stormsteeg/4334,3,"vijftiende-eeuwse uitbreidingen"
https://adamlink.nl/geo/street/stromarkt/4341,3,"vijftiende-eeuwse uitbreidingen"
https://adamlink.nl/geo/street/suikerbakkerssteeg/4349,1,"oudste stad"
https://adamlink.nl/geo/street/taandwarsstraat/4370,6,"derde uitleg"
https://adamlink.nl/geo/street/taanstraat/4371,6,"derde uitleg"
https://adamlink.nl/geo/street/taksteeg/4374,1,"oudste stad"
https://adamlink.nl/geo/street/teerketelsteeg/4382,3,"vijftiende-eeuwse uitbreidingen"
https://adamlink.nl/geo/street/thorbeckeplein/4445,9,"vierde uitleg"
https://adamlink.nl/geo/street/torensteeg/4492,3,"vijftiende-eeuwse uitbreidingen"
https://adamlink.nl/geo/street/touwbaan/4500,9,"vierde uitleg"
https://adamlink.nl/geo/street/touwslagerstraat/4501,6,"derde uitleg"
https://adamlink.nl/geo/street/treeftsteeg/4506,5,"tweede uitleg"
https://adamlink.nl/geo/street/trompetterssteeg/4515,1,"oudste stad"
https://adamlink.nl/geo/street/tuinstraat/4527,6,"derde uitleg"
https://adamlink.nl/geo/street/turfsteeg/4532,9,"vierde uitleg"
https://adamlink.nl/geo/street/tussen-de-bogen/4535,6,"derde uitleg"
https://adamlink.nl/geo/street/tussen-kadijken/4536,9,"vierde uitleg"
https://adamlink.nl/geo/street/tweede-bloemdwarsstraat/4544,6,"derde uitleg"
https://adamlink.nl/geo/street/tweede-boomdwarsstraat/4546,6,"derde uitleg"
https://adamlink.nl/geo/street/tweede-breeuwersstraat/4547,6,"derde uitleg"
https://adamlink.nl/geo/street/tweede-leliedwarsstraat/4564,6,"derde uitleg"
https://adamlink.nl/geo/street/tweede-lindendwarsstraat/4565,6,"derde uitleg"
https://adamlink.nl/geo/street/tweede-marnixdwarsstraat/4567,6,"derde uitleg"
https://adamlink.nl/geo/street/tweede-marnixplantsoen/4568,6,"derde uitleg"
https://adamlink.nl/geo/street/tweede-rozendwarsstraat/4572,6,"derde uitleg"
https://adamlink.nl/geo/street/tweede-tuindwarsstraat/4575,6,"derde uitleg"
https://adamlink.nl/geo/street/uilenburgersteeg/4591,5,"tweede uitleg"
https://adamlink.nl/geo/street/uilenburgerwerf/4592,5,"tweede uitleg"
https://adamlink.nl/geo/street/utrechtsedwarsstraat/4607,9,"vierde uitleg"
https://adamlink.nl/geo/street/utrechtsestraat/4608,9,"vierde uitleg"
https://adamlink.nl/geo/street/valckenierstraat/4613,9,"vierde uitleg"
https://adamlink.nl/geo/street/valkensteeg/4620,1,"oudste stad"
https://adamlink.nl/geo/street/vendelstraat/4731,3,"vijftiende-eeuwse uitbreidingen"
https://adamlink.nl/geo/street/verversstraat/4748,5,"tweede uitleg"
https://adamlink.nl/geo/street/vierwindendwarsstraat/4757,6,"derde uitleg"
https://adamlink.nl/geo/street/vierwindenstraat/4758,6,"derde uitleg"
https://adamlink.nl/geo/street/vijzelgracht/4762,9,"vierde uitleg"
https://adamlink.nl/geo/street/vinkenstraat/4767,6,"derde uitleg"
https://adamlink.nl/geo/street/violettenstraat/4769,6,"derde uitleg"
https://adamlink.nl/geo/street/vliegendesteeg/4778,3,"vijftiende-eeuwse uitbreidingen"
https://adamlink.nl/geo/street/vockade/4786,9,"vierde uitleg"
https://adamlink.nl/geo/street/voetboogstraat/4787,3,"vijftiende-eeuwse uitbreidingen"
https://adamlink.nl/geo/street/vredenburgersteeg/4837,3,"vijftiende-eeuwse uitbreidingen"
https://adamlink.nl/geo/street/waaigat/4854,9,"vierde uitleg"
https://adamlink.nl/geo/street/waalsteeg/4857,4,Lastage
https://adamlink.nl/geo/street/wagenstraat/4864,5,"tweede uitleg"
https://adamlink.nl/geo/street/walenpleintje/4869,3,"vijftiende-eeuwse uitbreidingen"
https://adamlink.nl/geo/street/warmoesstraat/4883,1,"oudste stad"
https://adamlink.nl/geo/street/waterlooplein/4894,9,"vierde uitleg"
https://adamlink.nl/geo/street/waterpoortsteeg/4898,3,"vijftiende-eeuwse uitbreidingen"
https://adamlink.nl/geo/street/watersteeg/4904,5,"tweede uitleg"
https://adamlink.nl/geo/street/weesperplein/4918,9,"vierde uitleg"
https://adamlink.nl/geo/street/weesperstraat/4919,9,"vierde uitleg"
https://adamlink.nl/geo/street/westerkade/4958,6,"derde uitleg"
https://adamlink.nl/geo/street/westermarkt/4962,6,"derde uitleg"
https://adamlink.nl/geo/street/westerstraat/4964,6,"derde uitleg"
https://adamlink.nl/geo/street/weteringschans/4978,9,"vierde uitleg"
https://adamlink.nl/geo/street/weteringstraat/4979,9,"vierde uitleg"
https://adamlink.nl/geo/street/wijde-heisteeg/5010,5,"tweede uitleg"
https://adamlink.nl/geo/street/wijde-kapelsteeg/5011,1,"oudste stad"
https://adamlink.nl/geo/street/wijde-kerksteeg/5012,1,"oudste stad"
https://adamlink.nl/geo/street/wijde-lombardsteeg/5013,1,"oudste stad"
https://adamlink.nl/geo/street/wijdesteeg/5015,2,"veertiende-eeuwse uitbreidingen"
https://adamlink.nl/geo/street/wijngaardsstraatje/5019,1,"oudste stad"
https://adamlink.nl/geo/street/willemsstraat/5074,6,"derde uitleg"
https://adamlink.nl/geo/street/windrooskade/5089,9,"vierde uitleg"
https://adamlink.nl/geo/street/windroosplein/5090,9,"vierde uitleg"
https://adamlink.nl/geo/street/wittenburgergracht/5107,9,"vierde uitleg"
https://adamlink.nl/geo/street/wittenburgerkade/5109,9,"vierde uitleg"
https://adamlink.nl/geo/street/wolvenstraat/5124,6,"derde uitleg"
https://adamlink.nl/geo/street/zakslootje/5139,4,Lastage
https://adamlink.nl/geo/street/zanddwarsstraat/5141,5,"tweede uitleg"
https://adamlink.nl/geo/street/zandhoek/5142,6,"derde uitleg"
https://adamlink.nl/geo/street/zandstraat/5145,5,"tweede uitleg"
https://adamlink.nl/geo/street/zeedijk/5154,3,"vijftiende-eeuwse uitbreidingen"
https://adamlink.nl/geo/street/zeilmakerstraat/5158,6,"derde uitleg"
https://adamlink.nl/geo/street/zieseniskade/5166,9,"vierde uitleg"
https://adamlink.nl/geo/street/zoutsteeg/5190,1,"oudste stad"
https://adamlink.nl/geo/street/zuiderkerkhof/5200,5,"tweede uitleg"
https://adamlink.nl/geo/street/zwartehandsteeg/5226,1,"oudste stad"
https://adamlink.nl/geo/street/zeemagazijnkade/5297,9,"vierde uitleg"
https://adamlink.nl/geo/street/isaac-titsinghkade/5413,9,"vierde uitleg"
https://adamlink.nl/geo/street/suikerbakkers-steeg/5415,5,"tweede uitleg"
https://adamlink.nl/geo/street/brownisten-gang/5417,3,"vijftiende-eeuwse uitbreidingen"
https://adamlink.nl/geo/street/smids-steeg/5418,3,"vijftiende-eeuwse uitbreidingen"
https://adamlink.nl/geo/street/klokken-steegje/5423,3,"vijftiende-eeuwse uitbreidingen"
https://adamlink.nl/geo/street/klokken-steegje/5424,3,"vijftiende-eeuwse uitbreidingen"
https://adamlink.nl/geo/street/olyslagers-gang/5425,6,"derde uitleg"
https://adamlink.nl/geo/street/mandemakersgang/5426,6,"derde uitleg"
https://adamlink.nl/geo/street/zak-steeg/5427,3,"vijftiende-eeuwse uitbreidingen"
https://adamlink.nl/geo/street/schouten-steeg/5428,1,"oudste stad"
https://adamlink.nl/geo/street/geelvinck-dwarssteeg/5430,5,"tweede uitleg"
https://adamlink.nl/geo/street/eenhoornsgang/5432,6,"derde uitleg"
https://adamlink.nl/geo/street/rookoes-gang/5433,5,"tweede uitleg"
https://adamlink.nl/geo/street/romeins-steegje/5434,1,"oudste stad"
https://adamlink.nl/geo/street/dwarshol/5435,1,"oudste stad"
https://adamlink.nl/geo/street/moriaan-steeg/5436,1,"oudste stad"
https://adamlink.nl/geo/street/wittekelk-steeg/5437,1,"oudste stad"
https://adamlink.nl/geo/street/zwartepaard-steeg/5438,1,"oudste stad"
https://adamlink.nl/geo/street/turfhok-steeg/5439,1,"oudste stad"
https://adamlink.nl/geo/street/suikerbakkerssteeg/5444,4,Lastage
https://adamlink.nl/geo/street/kromme-elleboog-steeg/5445,1,"oudste stad"
https://adamlink.nl/geo/street/kromme-elleboog-steeg/5446,1,"oudste stad"
https://adamlink.nl/geo/street/nieuwe-rapenburger-straat/5447,9,"vierde uitleg"
https://adamlink.nl/geo/street/smids-steeg/5448,4,Lastage
https://adamlink.nl/geo/street/boltensgrachtje/5449,5,"tweede uitleg"
https://adamlink.nl/geo/street/sint-katrynen-kloostersgang/5450,2,"veertiende-eeuwse uitbreidingen"
https://adamlink.nl/geo/street/naaldenmakers-gang/5452,3,"vijftiende-eeuwse uitbreidingen"
https://adamlink.nl/geo/street/posthoorngang/5453,6,"derde uitleg"
https://adamlink.nl/geo/street/brandewyns-steeg/5455,5,"tweede uitleg"
https://adamlink.nl/geo/street/suikerbakkers-steeg/5461,5,"tweede uitleg"
https://adamlink.nl/geo/street/suikerbakkers-steeg/5462,5,"tweede uitleg"
https://adamlink.nl/geo/street/sint-pieters-poort/5463,1,"oudste stad"
https://adamlink.nl/geo/street/sloot-straat/5464,6,"derde uitleg"
https://adamlink.nl/geo/street/pensionaris-steeg/5465,1,"oudste stad"
https://adamlink.nl/geo/street/spykerboors-steeg/5466,1,"oudste stad"
https://adamlink.nl/geo/street/azynmakers-steeg/5467,1,"oudste stad"
https://adamlink.nl/geo/street/melkmeisjes-steeg/5468,1,"oudste stad"
https://adamlink.nl/geo/street/schaapherders-poort/5469,1,"oudste stad"
https://adamlink.nl/geo/street/wyngaard-steegje/5470,3,"vijftiende-eeuwse uitbreidingen"
https://adamlink.nl/geo/street/sprokkelbeurs-steegje/5471,3,"vijftiende-eeuwse uitbreidingen"
https://adamlink.nl/geo/street/taan-straat/5472,6,"derde uitleg"
https://adamlink.nl/geo/street/schuitenvoerders-steeg/5473,5,"tweede uitleg"
https://adamlink.nl/geo/street/koks-steeg/5474,5,"tweede uitleg"
https://adamlink.nl/geo/street/trompetters-steeg-sic/5475,1,"oudste stad"
https://adamlink.nl/geo/street/land-van-beloften-steeg/5476,5,"tweede uitleg"
https://adamlink.nl/geo/street/suykerbakkersteeg/5477,5,"tweede uitleg"
https://adamlink.nl/geo/street/sint-pieterstraat/5478,5,"tweede uitleg"
https://adamlink.nl/geo/street/rottige-steeg/5480,6,"derde uitleg"
https://adamlink.nl/geo/street/klapmuts-steeg/5482,1,"oudste stad"
https://adamlink.nl/geo/street/waterscheeps-steeg/5483,3,"vijftiende-eeuwse uitbreidingen"
https://adamlink.nl/geo/street/splintermakersgang/5485,5,"tweede uitleg"
https://adamlink.nl/geo/street/mooren-steegje/5487,1,"oudste stad"
https://adamlink.nl/geo/street/zoetenaam-steegje/5488,1,"oudste stad"
https://adamlink.nl/geo/street/leger-steeg/5489,2,"veertiende-eeuwse uitbreidingen"
https://adamlink.nl/geo/street/smidt-steeg/5490,4,Lastage
https://adamlink.nl/geo/street/smidt-steeg/5491,4,Lastage
https://adamlink.nl/geo/street/keizerspadje/5492,4,Lastage
https://adamlink.nl/geo/street/muggebeensg/5493,3,"vijftiende-eeuwse uitbreidingen"
https://adamlink.nl/geo/street/rottige-steeg/5610,6,"derde uitleg"
https://adamlink.nl/geo/street/ratelwachtsteeg/5611,6,"derde uitleg"
https://adamlink.nl/geo/street/turfhuys/5613,6,"derde uitleg"
https://adamlink.nl/geo/street/land-van-beloften-steeg/5615,5,"tweede uitleg"
https://adamlink.nl/geo/street/arendt-bouwes-steeg/5616,5,"tweede uitleg"
https://adamlink.nl/geo/street/spaarpot-steegje/5617,5,"tweede uitleg"
https://adamlink.nl/geo/street/water-steegje/5619,5,"tweede uitleg"
https://adamlink.nl/geo/street/houtkopers-burgwal/5620,5,"tweede uitleg"
https://adamlink.nl/geo/street/markensteeg/5621,5,"tweede uitleg"
https://adamlink.nl/geo/street/boere-verdriet/5622,3,"vijftiende-eeuwse uitbreidingen"
https://adamlink.nl/geo/street/st-joris-steeg/5624,3,"vijftiende-eeuwse uitbreidingen"
https://adamlink.nl/geo/street/baefjes-steeg/5625,1,"oudste stad"
https://adamlink.nl/geo/street/krom-elleboog-steegje/5627,1,"oudste stad"
https://adamlink.nl/geo/street/waterschip-steeg/5630,3,"vijftiende-eeuwse uitbreidingen"
https://adamlink.nl/geo/street/gasthuys-sloot/5631,3,"vijftiende-eeuwse uitbreidingen"
https://adamlink.nl/geo/street/soete-naam-jesus-steeg/5633,1,"oudste stad"
https://adamlink.nl/geo/street/blaauwlaken-steeg/5634,1,"oudste stad"
https://adamlink.nl/geo/street/goyjer-steeg/5635,1,"oudste stad"
https://adamlink.nl/geo/street/duyven-steegje/5636,1,"oudste stad"
https://adamlink.nl/geo/street/jan-de-vriesen-steeg/5637,1,"oudste stad"
https://adamlink.nl/geo/street/korendragers-steeghje/5638,2,"veertiende-eeuwse uitbreidingen"
https://adamlink.nl/geo/street/hoogkamersgang/5639,3,"vijftiende-eeuwse uitbreidingen"
https://adamlink.nl/geo/street/geurtensteegen/5640,3,"vijftiende-eeuwse uitbreidingen"
https://adamlink.nl/geo/street/kleyne-kruys-steeg/5641,3,"vijftiende-eeuwse uitbreidingen"
https://adamlink.nl/geo/street/smitstegen/5642,3,"vijftiende-eeuwse uitbreidingen"
https://adamlink.nl/geo/street/korte-houtstraat/5643,5,"tweede uitleg"
https://adamlink.nl/geo/street/mallefrans-steegh/5644,3,"vijftiende-eeuwse uitbreidingen"
https://adamlink.nl/geo/street/fenijnighsteeghjen/5645,3,"vijftiende-eeuwse uitbreidingen"
https://adamlink.nl/geo/street/olyslagerssteegje/5646,3,"vijftiende-eeuwse uitbreidingen"
https://adamlink.nl/geo/street/mandemakers-steeg/5648,5,"tweede uitleg"
https://adamlink.nl/geo/street/hameeterssteeghje/5649,5,"tweede uitleg"
https://adamlink.nl/geo/street/roeters-burgwal/5651,9,"vierde uitleg"
https://adamlink.nl/geo/street/swanenburg-straat/5656,5,"tweede uitleg"
https://adamlink.nl/geo/street/kollegat-steeg/5657,4,Lastage
https://adamlink.nl/geo/street/zwartlakensteeg/5658,1,"oudste stad"
https://adamlink.nl/geo/street/stads-steen-werf/5659,9,"vierde uitleg"
https://adamlink.nl/geo/street/goudsblom-steeg/5660,5,"tweede uitleg"
https://adamlink.nl/geo/street/vlasblom-steeg/5661,5,"tweede uitleg"
https://adamlink.nl/geo/street/koks-steegje/5662,5,"tweede uitleg"
https://adamlink.nl/geo/street/duyfjes-steeg/5663,5,"tweede uitleg"
https://adamlink.nl/geo/street/stads-hout-werf/5664,9,"vierde uitleg"
https://adamlink.nl/geo/street/batavierstraat/5666,5,"tweede uitleg"
https://adamlink.nl/geo/street/uilenburgerstraat/5667,5,"tweede uitleg"
https://adamlink.nl/geo/street/houtgracht/5668,5,"tweede uitleg"
https://adamlink.nl/geo/street/smitssteeghje/5669,5,"tweede uitleg"
https://adamlink.nl/geo/street/grote-houtstraat/5670,6,"derde uitleg"
https://adamlink.nl/geo/street/ossenmarkt/5671,9,"vierde uitleg"
https://adamlink.nl/geo/street/verken-markt/5672,9,"vierde uitleg"
https://adamlink.nl/geo/street/blom-markt/5673,2,"veertiende-eeuwse uitbreidingen"
https://adamlink.nl/geo/street/korte-huiszittensteeg/5674,3,"vijftiende-eeuwse uitbreidingen"
https://adamlink.nl/geo/street/huiszittensteeg/5675,2,"veertiende-eeuwse uitbreidingen"
https://adamlink.nl/geo/street/haringpakkerij/5676,3,"vijftiende-eeuwse uitbreidingen"
https://adamlink.nl/geo/street/vissteeg/5677,1,"oudste stad"
https://adamlink.nl/geo/street/beschuyt-markt/5679,2,"veertiende-eeuwse uitbreidingen"
https://adamlink.nl/geo/street/oude-teertuinen/5680,3,"vijftiende-eeuwse uitbreidingen"
https://adamlink.nl/geo/street/hennep-markt/5682,9,"vierde uitleg"
https://adamlink.nl/geo/street/t-gouse-veer/5683,1,"oudste stad"
https://adamlink.nl/geo/street/pypen-markt/5684,1,"oudste stad"
https://adamlink.nl/geo/street/leprozengracht/5685,5,"tweede uitleg"
https://adamlink.nl/geo/street/buitenkant/5687,8,Waalseiland
https://adamlink.nl/geo/street/bier-kay/5689,1,"oudste stad"
https://adamlink.nl/geo/street/rapen-en-kool-markt/5691,6,"derde uitleg"
https://adamlink.nl/geo/street/beschuyt-markt/5692,6,"derde uitleg"
https://adamlink.nl/geo/street/vismarkt/5694,1,"oudste stad"
https://adamlink.nl/geo/street/ooster-kerkhof/5695,9,"vierde uitleg"
https://adamlink.nl/geo/street/kamperhoofd/5681,3,"vijftiende-eeuwse uitbreidingen"
https://adamlink.nl/geo/street/kampersteiger/6355,3,"vijftiende-eeuwse uitbreidingen"
https://adamlink.nl/geo/street/eerste-weteringdwarsstraat/1204,9,"vierde uitleg"
https://adamlink.nl/geo/street/zwanenburgerstraat/5221,5,"tweede uitleg"
https://adamlink.nl/geo/street/lange-houtstraat/6358,5,"tweede uitleg"
https://adamlink.nl/geo/street/vijgendam/5714,1,"oudste stad"
https://adamlink.nl/geo/street/vissersdam/5827,1,"oudste stad"
https://adamlink.nl/geo/street/vismarkt/6278,5,"tweede uitleg"
https://adamlink.nl/geo/street/claes-reinierszhofje/767,6,"derde uitleg"
https://adamlink.nl/geo/street/wapen-van-delftsteeg/4879,5,"tweede uitleg"
https://adamlink.nl/geo/street/doodkistenmakersgracht/6032,5,"tweede uitleg"
https://adamlink.nl/geo/street/hooimarkt/6657,9,"vierde uitleg"
https://adamlink.nl/geo/street/erwtenmarkt/6658,5,"tweede uitleg"
https://adamlink.nl/geo/street/bloemenmarkt/6659,5,"tweede uitleg"
https://adamlink.nl/geo/street/moddermolensteeg/2999,5,"tweede uitleg"
https://adamlink.nl/geo/street/beerensteeg/6660,5,"tweede uitleg"
https://adamlink.nl/geo/street/berengang/5697,5,"tweede uitleg"
https://adamlink.nl/geo/street/wapen-van-delftsteeg/4879,5,"tweede uitleg"
https://adamlink.nl/geo/street/teerplein/4383,6,"derde uitleg"
https://adamlink.nl/geo/street/spanjaert-spoortjen/5650,1,"oudste stad"
https://adamlink.nl/geo/street/sleepersteeg/5765,4,Lastage
https://adamlink.nl/geo/street/wijdegang/6326,6,"derde uitleg"
https://adamlink.nl/geo/street/rotganssteeg/3892,5,"tweede uitleg"
https://adamlink.nl/geo/street/oostenburgermiddenstraat/3315,9,"vierde uitleg"
https://adamlink.nl/geo/street/engelse-pelgrimsteeg/1260,5,"tweede uitleg"
https://adamlink.nl/geo/street/brouwerssteeg/5723,3,"vijftiende-eeuwse uitbreidingen"
https://adamlink.nl/geo/street/joden-houttuinen/2157,5,"tweede uitleg"
https://adamlink.nl/geo/street/liefde-is-het-fundament/2691,6,"derde uitleg"
https://adamlink.nl/geo/street/sgravenhekje/4055,5,"tweede uitleg"
https://adamlink.nl/geo/street/achtkantenstovengang/41,6,"derde uitleg"
https://adamlink.nl/geo/street/turfdraagsterpad/4531,3,"vijftiende-eeuwse uitbreidingen"
https://adamlink.nl/geo/street/raamgracht/3724,5,"tweede uitleg"
https://adamlink.nl/geo/street/zwanenburgwal/5222,5,"tweede uitleg"
https://adamlink.nl/geo/street/zwanenburgwal/5222,5,"tweede uitleg"
https://adamlink.nl/geo/street/eerste-goudsbloemdwarsstraat/1177,6,"derde uitleg"
https://adamlink.nl/geo/street/tweede-goudsbloemdwarsstraat/4553,6,"derde uitleg"
https://adamlink.nl/geo/street/koorndragersgang/6667,6,"derde uitleg"
https://adamlink.nl/geo/street/melkmeisjesgang/5790,6,"derde uitleg"
https://adamlink.nl/geo/street/rapenhofje/5916,6,"derde uitleg"
https://adamlink.nl/geo/street/fortuinengang/6057,6,"derde uitleg"
https://adamlink.nl/geo/street/brillengang/6668,6,"derde uitleg"
https://adamlink.nl/geo/street/driekaartengang/6669,6,"derde uitleg"
https://adamlink.nl/geo/street/oude-vriezengang/6670,6,"derde uitleg"
https://adamlink.nl/geo/street/duifjesgang/6671,6,"derde uitleg"
https://adamlink.nl/geo/street/boter-en-kaasgang/6672,6,"derde uitleg"
https://adamlink.nl/geo/street/lubbertjesgang/6673,6,"derde uitleg"
https://adamlink.nl/geo/street/siepersche-gang/6674,6,"derde uitleg"
https://adamlink.nl/geo/street/klooster/6675,6,"derde uitleg"
https://adamlink.nl/geo/street/klooster/2408,3,"vijftiende-eeuwse uitbreidingen"
https://adamlink.nl/geo/street/derde-klooster/5440,3,"vijftiende-eeuwse uitbreidingen"
https://adamlink.nl/geo/street/eerste-klooster/5730,3,"vijftiende-eeuwse uitbreidingen"
https://adamlink.nl/geo/street/midden-klooster/5752,3,"vijftiende-eeuwse uitbreidingen"
https://adamlink.nl/geo/street/dwars-klooster/5729,3,"vijftiende-eeuwse uitbreidingen"
https://adamlink.nl/geo/street/slepersgang/5903,6,"derde uitleg"
https://adamlink.nl/geo/street/verwersgang/6676,6,"derde uitleg"
https://adamlink.nl/geo/street/bakkersgang/6312,6,"derde uitleg"
https://adamlink.nl/geo/street/tollengang/6351,6,"derde uitleg"
https://adamlink.nl/geo/street/beerengang/6677,6,"derde uitleg"
https://adamlink.nl/geo/street/dubbele-sterrengang/6678,6,"derde uitleg"
https://adamlink.nl/geo/street/vogelstruisgang/6679,6,"derde uitleg"
https://adamlink.nl/geo/street/metselaarsgang/6201,6,"derde uitleg"
https://adamlink.nl/geo/street/pijpenbrandersgang/6261,6,"derde uitleg"
https://adamlink.nl/geo/street/slagersgang/5899,6,"derde uitleg"
https://adamlink.nl/geo/street/bakkersgang/5925,6,"derde uitleg"
https://adamlink.nl/geo/street/kombuizengang/6680,6,"derde uitleg"
https://adamlink.nl/geo/street/wildemansgang/6681,6,"derde uitleg"
https://adamlink.nl/geo/street/zevennaaldengang/6682,6,"derde uitleg"
https://adamlink.nl/geo/street/willem-bakkersgang/6683,6,"derde uitleg"
https://adamlink.nl/geo/street/zevenkattengang/6684,6,"derde uitleg"
https://adamlink.nl/geo/street/fikkengang/6685,6,"derde uitleg"
https://adamlink.nl/geo/street/ploegersgang/6686,6,"derde uitleg"
https://adamlink.nl/geo/street/sleepersgang/6687,6,"derde uitleg"
https://adamlink.nl/geo/street/katrijnengang/6688,6,"derde uitleg"
https://adamlink.nl/geo/street/nieuwe-beursgang/6689,6,"derde uitleg"
https://adamlink.nl/geo/street/verbrande-gang/6690,6,"derde uitleg"
https://adamlink.nl/geo/street/zalmgang/6297,6,"derde uitleg"
https://adamlink.nl/geo/street/kolengang/6691,6,"derde uitleg"
https://adamlink.nl/geo/street/prinsenliefhebbersgang/6692,6,"derde uitleg"
https://adamlink.nl/geo/street/zevenkattengang/6693,6,"derde uitleg"
https://adamlink.nl/geo/street/schuitenvoerdersgang/6694,6,"derde uitleg"
https://adamlink.nl/geo/street/medemblikkersgang/6695,6,"derde uitleg"
https://adamlink.nl/geo/street/kuipersgang/6161,6,"derde uitleg"
https://adamlink.nl/geo/street/goudevoetsgang/6696,6,"derde uitleg"
https://adamlink.nl/geo/street/wittekoetsgang/6697,6,"derde uitleg"
https://adamlink.nl/geo/street/witte-rozengang/6698,6,"derde uitleg"
https://adamlink.nl/geo/street/valwatergang/6699,6,"derde uitleg"
https://adamlink.nl/geo/street/scheepjesgang/6700,6,"derde uitleg"
https://adamlink.nl/geo/street/lindenhofje/6701,6,"derde uitleg"
https://adamlink.nl/geo/street/schavenmakersgang/6702,6,"derde uitleg"
https://adamlink.nl/geo/street/drie-korenschoven-of-fortuinengang/6703,6,"derde uitleg"
https://adamlink.nl/geo/street/kuipersgang/6704,6,"derde uitleg"
https://adamlink.nl/geo/street/oudhuizersgang/6705,6,"derde uitleg"
https://adamlink.nl/geo/street/roodehanengang/6706,6,"derde uitleg"
https://adamlink.nl/geo/street/oude-slijpersgang/6296,6,"derde uitleg"
https://adamlink.nl/geo/street/goudsbloemgang/6290,6,"derde uitleg"
https://adamlink.nl/geo/street/sint-jacobsgang/6143,6,"derde uitleg"
https://adamlink.nl/geo/street/suikerbakkersgang-bij-lindengracht/6075,6,"derde uitleg"
https://adamlink.nl/geo/street/st-jorisgang/6707,6,"derde uitleg"
https://adamlink.nl/geo/street/witte-kruisgang/6708,6,"derde uitleg"
https://adamlink.nl/geo/street/aalsmeerdergang/6709,6,"derde uitleg"
https://adamlink.nl/geo/street/verwersgang/6710,6,"derde uitleg"
https://adamlink.nl/geo/street/ruitersgang/6711,6,"derde uitleg"
https://adamlink.nl/geo/street/houtekamsgang/6712,6,"derde uitleg"
https://adamlink.nl/geo/street/gijzelaarsgang/6713,6,"derde uitleg"
https://adamlink.nl/geo/street/blekersgang/5946,6,"derde uitleg"
https://adamlink.nl/geo/street/regenboogsgang/5990,6,"derde uitleg"
https://adamlink.nl/geo/street/blaauwhoofdengang/5947,6,"derde uitleg"
https://adamlink.nl/geo/street/drie-aschtonnengang/6714,6,"derde uitleg"
https://adamlink.nl/geo/street/triffeltjesgang/6715,6,"derde uitleg"
https://adamlink.nl/geo/street/zandmansgang/6716,6,"derde uitleg"
https://adamlink.nl/geo/street/sterrengang/6340,6,"derde uitleg"
https://adamlink.nl/geo/street/kromme-tuynstraat/5647,6,"derde uitleg"
https://adamlink.nl/geo/street/kromme-tuynstraat/5647,6,"derde uitleg"
https://adamlink.nl/geo/street/krommert/6151,6,"derde uitleg"
https://adamlink.nl/geo/street/eerste-anjeliersdwarsstraat/1166,6,"derde uitleg"
https://adamlink.nl/geo/street/tweede-anjeliersdwarsstraat/4542,6,"derde uitleg"
https://adamlink.nl/geo/street/derde-egelantiersdwarsstraat/963,6,"derde uitleg"
https://adamlink.nl/geo/street/tweede-egelantiersdwarsstraat/4552,6,"derde uitleg"
https://adamlink.nl/geo/street/eerste-egelantiersdwarsstraat/1176,6,"derde uitleg"
https://adamlink.nl/geo/street/vaderlandschegang/6717,6,"derde uitleg"
https://adamlink.nl/geo/street/schavenmakersgang/6718,6,"derde uitleg"
https://adamlink.nl/geo/street/speldenmakersgang/6719,6,"derde uitleg"
https://adamlink.nl/geo/street/zwanengang/6720,6,"derde uitleg"
https://adamlink.nl/geo/street/slagersgang/6721,6,"derde uitleg"
https://adamlink.nl/geo/street/pijpenbrandersgang/6722,6,"derde uitleg"
https://adamlink.nl/geo/street/graaf-van-emdergang/6723,6,"derde uitleg"
https://adamlink.nl/geo/street/houtzagersgang/6724,6,"derde uitleg"
https://adamlink.nl/geo/street/metzelaarsgang/6725,6,"derde uitleg"
https://adamlink.nl/geo/street/gierstbalengang/6726,6,"derde uitleg"
https://adamlink.nl/geo/street/rozemarijngang/6009,6,"derde uitleg"
https://adamlink.nl/geo/street/wereldsgang/6727,6,"derde uitleg"
https://adamlink.nl/geo/street/sterrengang/6728,6,"derde uitleg"
https://adamlink.nl/geo/street/schoenmakersgang/5884,6,"derde uitleg"
https://adamlink.nl/geo/street/drie-koningengang/6729,6,"derde uitleg"
https://adamlink.nl/geo/street/vleesgang/6337,6,"derde uitleg"
https://adamlink.nl/geo/street/lakmoesgang/6730,6,"derde uitleg"
https://adamlink.nl/geo/street/wassende-maanshofje/6341,6,"derde uitleg"
https://adamlink.nl/geo/street/graatboogsgang/6100,6,"derde uitleg"
https://adamlink.nl/geo/street/bakkersgang/6731,6,"derde uitleg"
https://adamlink.nl/geo/street/ridderspoort/6732,6,"derde uitleg"
https://adamlink.nl/geo/street/zeven-haken-en-oogengang/6733,6,"derde uitleg"
https://adamlink.nl/geo/street/van-beekshofje/6734,6,"derde uitleg"
https://adamlink.nl/geo/street/stoppersgang/6082,6,"derde uitleg"
https://adamlink.nl/geo/street/harmen-kostersgang/6735,6,"derde uitleg"
https://adamlink.nl/geo/street/speldenmakersgang/6736,6,"derde uitleg"
https://adamlink.nl/geo/street/drie-roemersgang/6038,6,"derde uitleg"
https://adamlink.nl/geo/street/nieuwehuizengang/6220,6,"derde uitleg"
https://adamlink.nl/geo/street/witte-leeuwengang/6737,6,"derde uitleg"
https://adamlink.nl/geo/street/trompettenhofje/6273,6,"derde uitleg"
https://adamlink.nl/geo/street/haverkampgang/6738,6,"derde uitleg"
https://adamlink.nl/geo/street/koperslagersgang/6739,6,"derde uitleg"
https://adamlink.nl/geo/street/bijbelsgang/5698,6,"derde uitleg"
https://adamlink.nl/geo/street/bonnettengang/6740,6,"derde uitleg"
https://adamlink.nl/geo/street/karseboomenhofje/6741,6,"derde uitleg"
https://adamlink.nl/geo/street/aschtonnengang/6742,6,"derde uitleg"
https://adamlink.nl/geo/street/slagersgang/6743,6,"derde uitleg"
https://adamlink.nl/geo/street/liefdegang/6744,6,"derde uitleg"
https://adamlink.nl/geo/street/bierdragersgang/445,6,"derde uitleg"
https://adamlink.nl/geo/street/nachtslotgang/6745,6,"derde uitleg"
https://adamlink.nl/geo/street/regenboogsliefdehofje/5989,6,"derde uitleg"
https://adamlink.nl/geo/street/veterkloppersgang/6746,6,"derde uitleg"
https://adamlink.nl/geo/street/penschrijversgang/6747,6,"derde uitleg"
https://adamlink.nl/geo/street/lindenboomengang/6748,6,"derde uitleg"
https://adamlink.nl/geo/street/herdershofje/6749,6,"derde uitleg"
https://adamlink.nl/geo/street/zeven-keurvorstenhofje/6750,6,"derde uitleg"
https://adamlink.nl/geo/street/wijde-gang/6751,6,"derde uitleg"
https://adamlink.nl/geo/street/kuipersgang/6752,6,"derde uitleg"
https://adamlink.nl/geo/street/schoorsteenvegersgang/5886,6,"derde uitleg"
https://adamlink.nl/geo/street/engelengang/6753,6,"derde uitleg"
https://adamlink.nl/geo/street/pijpenbrandersgang/6754,6,"derde uitleg"
https://adamlink.nl/geo/street/nieuwe-gebouwsgang/6755,6,"derde uitleg"
https://adamlink.nl/geo/street/kaaskoopersgang/6346,6,"derde uitleg"
https://adamlink.nl/geo/street/blaauwe-armgang/6756,6,"derde uitleg"
https://adamlink.nl/geo/street/zeemansgang/6757,6,"derde uitleg"
https://adamlink.nl/geo/street/kuipersgang/6758,6,"derde uitleg"
https://adamlink.nl/geo/street/stroobossengang/6759,6,"derde uitleg"
https://adamlink.nl/geo/street/speldemakersgang/6760,6,"derde uitleg"
https://adamlink.nl/geo/street/boekdrukkersgang/6761,6,"derde uitleg"
https://adamlink.nl/geo/street/willenbrordsgang/6762,6,"derde uitleg"
https://adamlink.nl/geo/street/schollevangersgang/6763,6,"derde uitleg"
https://adamlink.nl/geo/street/wittebellengang/6764,6,"derde uitleg"
https://adamlink.nl/geo/street/vlasboomsgang/6765,6,"derde uitleg"
https://adamlink.nl/geo/street/nieuwenhuizengang/6766,6,"derde uitleg"
https://adamlink.nl/geo/street/mollengang/6767,6,"derde uitleg"
https://adamlink.nl/geo/street/turfdragersgang/6768,6,"derde uitleg"
https://adamlink.nl/geo/street/schimmelgang/6769,6,"derde uitleg"
https://adamlink.nl/geo/street/zegersgang/6770,6,"derde uitleg"
https://adamlink.nl/geo/street/bakkersgang/6771,6,"derde uitleg"
https://adamlink.nl/geo/street/schuitenvoerdersgang/6772,6,"derde uitleg"
https://adamlink.nl/geo/street/wittevoetsgang/6773,6,"derde uitleg"
https://adamlink.nl/geo/street/anslos-hofje/6774,6,"derde uitleg"
https://adamlink.nl/geo/street/zwaardragershofje/6775,6,"derde uitleg"
https://adamlink.nl/geo/street/vierhuizengang/6311,6,"derde uitleg"
https://adamlink.nl/geo/street/zaagselgang/6776,6,"derde uitleg"
https://adamlink.nl/geo/street/andrieshofje/5914,6,"derde uitleg"
https://adamlink.nl/geo/street/fortuinengang/6777,6,"derde uitleg"
https://adamlink.nl/geo/street/pennengang/6778,6,"derde uitleg"
https://adamlink.nl/geo/street/steenhouwersgang/6779,6,"derde uitleg"
https://adamlink.nl/geo/street/dubbele-gang/6780,6,"derde uitleg"
https://adamlink.nl/geo/street/uilengang/6781,6,"derde uitleg"
https://adamlink.nl/geo/street/passiegang/6782,6,"derde uitleg"
https://adamlink.nl/geo/street/winkelhakengang/6783,6,"derde uitleg"
https://adamlink.nl/geo/street/timmermansgang/6784,6,"derde uitleg"
https://adamlink.nl/geo/street/pelikanengang/6785,6,"derde uitleg"
https://adamlink.nl/geo/street/overdekte-timmermansgang/6786,6,"derde uitleg"
https://adamlink.nl/geo/street/zijdewormengang/6787,6,"derde uitleg"
https://adamlink.nl/geo/street/koekenbakkersgang/6788,6,"derde uitleg"
https://adamlink.nl/geo/street/witteboomsgang/5422,6,"derde uitleg"
https://adamlink.nl/geo/street/uilenbakkersgang/6789,6,"derde uitleg"
https://adamlink.nl/geo/street/houtkoopersgang/6790,6,"derde uitleg"
https://adamlink.nl/geo/street/gruttersgang/6104,6,"derde uitleg"
https://adamlink.nl/geo/street/schuitenvoerdersgang/6791,6,"derde uitleg"
https://adamlink.nl/geo/street/wagenmakersgang/6792,6,"derde uitleg"
https://adamlink.nl/geo/street/vlasboomengang/6793,6,"derde uitleg"
https://adamlink.nl/geo/street/klokkengang/6794,6,"derde uitleg"
https://adamlink.nl/geo/street/wieldraaijersgang/6795,6,"derde uitleg"
https://adamlink.nl/geo/street/tamboershofje/6796,6,"derde uitleg"
https://adamlink.nl/geo/street/benijdersgang/6797,6,"derde uitleg"
https://adamlink.nl/geo/street/pijpenbrandersgang/6798,6,"derde uitleg"
https://adamlink.nl/geo/street/duivengang/5699,6,"derde uitleg"
https://adamlink.nl/geo/street/walengang/6321,6,"derde uitleg"
https://adamlink.nl/geo/street/slagtersgang/5711,6,"derde uitleg"
https://adamlink.nl/geo/street/bakkersgang/6799,6,"derde uitleg"
https://adamlink.nl/geo/street/gruttersgang/6800,6,"derde uitleg"
https://adamlink.nl/geo/street/prinsenhofsgang-bij-rozengracht/6252,6,"derde uitleg"
https://adamlink.nl/geo/street/rijpenhofje/6802,6,"derde uitleg"
https://adamlink.nl/geo/street/weversgang/6803,6,"derde uitleg"
https://adamlink.nl/geo/street/foelieslagersgang/6804,6,"derde uitleg"
https://adamlink.nl/geo/street/roomolengang/6022,6,"derde uitleg"
https://adamlink.nl/geo/street/drie-hoedjesgang/6805,6,"derde uitleg"
https://adamlink.nl/geo/street/jan-krimpengang/2061,5,"tweede uitleg"
https://adamlink.nl/geo/street/vrouwengang/5781,3,"vijftiende-eeuwse uitbreidingen"
https://adamlink.nl/geo/street/kuipersgang/6807,6,"derde uitleg"
https://adamlink.nl/geo/street/rozenhofje/6808,6,"derde uitleg"
https://adamlink.nl/geo/street/varkensgang/6300,6,"derde uitleg"
https://adamlink.nl/geo/street/bierdragersgang/6809,6,"derde uitleg"
https://adamlink.nl/geo/street/moddermansgang/6810,6,"derde uitleg"
https://adamlink.nl/geo/street/drie-roemersgang/6811,6,"derde uitleg"
https://adamlink.nl/geo/street/hanemattengang/6112,6,"derde uitleg"
https://adamlink.nl/geo/street/keizershofje/6812,6,"derde uitleg"
https://adamlink.nl/geo/street/gabrielsgang/6813,6,"derde uitleg"
https://adamlink.nl/geo/street/violettengang/6814,6,"derde uitleg"
https://adamlink.nl/geo/street/zwarte-ravengang/6815,6,"derde uitleg"
https://adamlink.nl/geo/street/gruttersgang/6816,6,"derde uitleg"
https://adamlink.nl/geo/street/schone-weespad/5891,6,"derde uitleg"
https://adamlink.nl/geo/street/eerste-laurierdwarsstraat/1186,6,"derde uitleg"
https://adamlink.nl/geo/street/tweede-laurierdwarsstraat/4562,6,"derde uitleg"
https://adamlink.nl/geo/street/waal-weespadt/5612,6,"derde uitleg"
https://adamlink.nl/geo/street/schildersgang/5898,6,"derde uitleg"
https://adamlink.nl/geo/street/windhondsgang/6817,6,"derde uitleg"
https://adamlink.nl/geo/street/rooscharengang/6024,6,"derde uitleg"
https://adamlink.nl/geo/street/baafjesgang/6818,6,"derde uitleg"
https://adamlink.nl/geo/street/konijnenbergsgang/6819,6,"derde uitleg"
https://adamlink.nl/geo/street/groenengang/6820,6,"derde uitleg"
https://adamlink.nl/geo/street/donkere-gang/6821,6,"derde uitleg"
https://adamlink.nl/geo/street/smidsgang/6344,6,"derde uitleg"
https://adamlink.nl/geo/street/hoedenmakersgang/6116,6,"derde uitleg"
https://adamlink.nl/geo/street/wijngaardsgang/6822,6,"derde uitleg"
https://adamlink.nl/geo/street/webersgang/6324,6,"derde uitleg"
https://adamlink.nl/geo/street/rijke-weversgang/6823,6,"derde uitleg"
https://adamlink.nl/geo/street/nieuwe-gang/6824,6,"derde uitleg"
https://adamlink.nl/geo/street/kloppergang/6825,6,"derde uitleg"
https://adamlink.nl/geo/street/glazenmakersgang/6826,6,"derde uitleg"
https://adamlink.nl/geo/street/sleepersgang/6827,6,"derde uitleg"
https://adamlink.nl/geo/street/klokkengang/6828,6,"derde uitleg"
https://adamlink.nl/geo/street/zwartesleutelgang/6829,6,"derde uitleg"
https://adamlink.nl/geo/street/schelvisgang/5890,6,"derde uitleg"
https://adamlink.nl/geo/street/hoedenmakershofje/6830,6,"derde uitleg"
https://adamlink.nl/geo/street/loodgietersgang/6831,6,"derde uitleg"
https://adamlink.nl/geo/street/suikerhuizengang/6832,6,"derde uitleg"
https://adamlink.nl/geo/street/speldemakersgang/6833,6,"derde uitleg"
https://adamlink.nl/geo/street/smidsgang/6838,6,"derde uitleg"
https://adamlink.nl/geo/street/bontwerkersgang/6839,6,"derde uitleg"
https://adamlink.nl/geo/street/stuurmanshofje/4344,6,"derde uitleg"
https://adamlink.nl/geo/street/dubbele-zoutzaksteeg/6840,6,"derde uitleg"
https://adamlink.nl/geo/street/drie-spaarpottengang/6841,6,"derde uitleg"
https://adamlink.nl/geo/street/slagtersgang/6842,6,"derde uitleg"
https://adamlink.nl/geo/street/vossenhofje/6843,6,"derde uitleg"
https://adamlink.nl/geo/street/evangelisch-luthers-diaconiehofje/6844,6,"derde uitleg"
https://adamlink.nl/geo/street/gruttersgang/6845,6,"derde uitleg"
https://adamlink.nl/geo/street/trompettersgang/6846,6,"derde uitleg"
https://adamlink.nl/geo/street/ziekentroostersgang/6847,6,"derde uitleg"
https://adamlink.nl/geo/street/snijdersgang/6060,6,"derde uitleg"
https://adamlink.nl/geo/street/metselaarsgang/6848,6,"derde uitleg"
https://adamlink.nl/geo/street/hammegang/6849,6,"derde uitleg"
https://adamlink.nl/geo/street/klokkengang/6850,6,"derde uitleg"
https://adamlink.nl/geo/street/hoedenmakersgang/6851,6,"derde uitleg"
https://adamlink.nl/geo/street/rammenassengang/6852,6,"derde uitleg"
https://adamlink.nl/geo/street/wijnbergergang/6853,6,"derde uitleg"
https://adamlink.nl/geo/street/pompenmakersgang/6854,6,"derde uitleg"
https://adamlink.nl/geo/street/kramersgang/6178,6,"derde uitleg"
https://adamlink.nl/geo/street/kuipersgang/6855,6,"derde uitleg"
https://adamlink.nl/geo/street/beddenmakersgang/6856,6,"derde uitleg"
https://adamlink.nl/geo/street/reixerspoort/6857,6,"derde uitleg"
https://adamlink.nl/geo/street/kennisgang/6858,6,"derde uitleg"
https://adamlink.nl/geo/street/gruttersgang/6859,6,"derde uitleg"
https://adamlink.nl/geo/street/toegang-tot-het-hof-van-parijs/6860,6,"derde uitleg"
https://adamlink.nl/geo/street/kaatsballengang/6861,6,"derde uitleg"
https://adamlink.nl/geo/street/hofje-van-venetie/6862,6,"derde uitleg"
https://adamlink.nl/geo/street/smidsgang/6863,6,"derde uitleg"
https://adamlink.nl/geo/street/danswijkersgang/6864,6,"derde uitleg"
https://adamlink.nl/geo/street/salamandershofje/6865,6,"derde uitleg"
https://adamlink.nl/geo/street/slepersgang/6866,6,"derde uitleg"
https://adamlink.nl/geo/street/koorndragersgang/6867,6,"derde uitleg"
https://adamlink.nl/geo/street/rapengang/6868,6,"derde uitleg"
https://adamlink.nl/geo/street/zwarte-arendsgang/6869,6,"derde uitleg"
https://adamlink.nl/geo/street/bossengang/6870,6,"derde uitleg"
https://adamlink.nl/geo/street/smidsgang/6871,6,"derde uitleg"
https://adamlink.nl/geo/street/mandenmakersgang/6195,6,"derde uitleg"
https://adamlink.nl/geo/street/slagersgang/6872,6,"derde uitleg"
https://adamlink.nl/geo/street/zwanengang/6873,6,"derde uitleg"
https://adamlink.nl/geo/street/bloempottengang/6874,6,"derde uitleg"
https://adamlink.nl/geo/street/vetermakersgang/6288,6,"derde uitleg"
https://adamlink.nl/geo/street/dolfijnengang/6342,6,"derde uitleg"
https://adamlink.nl/geo/street/wieldraaijersgang/6875,6,"derde uitleg"
https://adamlink.nl/geo/street/nieuwe-gang/6876,6,"derde uitleg"
https://adamlink.nl/geo/street/bokkengang/6877,6,"derde uitleg"
https://adamlink.nl/geo/street/klaverbladgang/6878,6,"derde uitleg"
https://adamlink.nl/geo/street/sleepersgang/6879,6,"derde uitleg"
https://adamlink.nl/geo/street/drie-leligang/6880,6,"derde uitleg"
https://adamlink.nl/geo/street/arke-noachsgang/5696,6,"derde uitleg"
https://adamlink.nl/geo/street/elandsgang/6881,6,"derde uitleg"
https://adamlink.nl/geo/street/mostardpothofje/6883,6,"derde uitleg"
https://adamlink.nl/geo/street/steenhouwersgang/6884,6,"derde uitleg"
https://adamlink.nl/geo/street/twaalfuurgang/6885,6,"derde uitleg"
https://adamlink.nl/geo/street/eenuursgang/6886,6,"derde uitleg"
https://adamlink.nl/geo/street/zevenhuizengang/6887,6,"derde uitleg"
https://adamlink.nl/geo/street/hartshoorngang/6113,6,"derde uitleg"
https://adamlink.nl/geo/street/fontijnengang/6888,6,"derde uitleg"
https://adamlink.nl/geo/street/zeemledergang/6889,6,"derde uitleg"
https://adamlink.nl/geo/street/zouterijgang/6890,6,"derde uitleg"
https://adamlink.nl/geo/street/verbrande-gang/6891,6,"derde uitleg"
https://adamlink.nl/geo/street/roozeboomsgang/6892,6,"derde uitleg"
https://adamlink.nl/geo/street/kuipersgang/6893,6,"derde uitleg"
https://adamlink.nl/geo/street/naaldenmakersgang/6894,6,"derde uitleg"
https://adamlink.nl/geo/street/berkenboomengang/6895,6,"derde uitleg"
https://adamlink.nl/geo/street/leidekkersgang/6183,6,"derde uitleg"
https://adamlink.nl/geo/street/alkmaardergang/6896,6,"derde uitleg"
https://adamlink.nl/geo/street/blaawe-bijltjesgang/6897,6,"derde uitleg"
https://adamlink.nl/geo/street/blaauwe-gang/6898,6,"derde uitleg"
https://adamlink.nl/geo/street/koperslagersgang/6899,6,"derde uitleg"
https://adamlink.nl/geo/street/hoeksteenengang/6124,6,"derde uitleg"
https://adamlink.nl/geo/street/bezemmakersgang/6900,6,"derde uitleg"
https://adamlink.nl/geo/street/kuipersgang/6901,6,"derde uitleg"
https://adamlink.nl/geo/street/gapersgang/6902,6,"derde uitleg"
https://adamlink.nl/geo/street/timmermansgang/6903,6,"derde uitleg"
https://adamlink.nl/geo/street/sleepersgang/6904,6,"derde uitleg"
https://adamlink.nl/geo/street/gruttersgang/6905,6,"derde uitleg"
https://adamlink.nl/geo/street/twee-gebroedersgang/6906,6,"derde uitleg"
https://adamlink.nl/geo/street/appelmetersgang/6907,6,"derde uitleg"
https://adamlink.nl/geo/street/kerkkroonengang/6908,6,"derde uitleg"
https://adamlink.nl/geo/street/onbedachte-gang/6909,6,"derde uitleg"
https://adamlink.nl/geo/street/ulke-zonnegang/6910,6,"derde uitleg"
https://adamlink.nl/geo/street/schavengang/6911,6,"derde uitleg"
https://adamlink.nl/geo/street/turfdragersgang/6912,6,"derde uitleg"
https://adamlink.nl/geo/street/speelmansgang/6913,6,"derde uitleg"
https://adamlink.nl/geo/street/ruitergang/6914,6,"derde uitleg"
https://adamlink.nl/geo/street/koninsgang/6915,6,"derde uitleg"
https://adamlink.nl/geo/street/fortuinengang/6916,6,"derde uitleg"
https://adamlink.nl/geo/street/kalfsvellengang/6917,6,"derde uitleg"
https://adamlink.nl/geo/street/eemnessenhofje/6918,6,"derde uitleg"
https://adamlink.nl/geo/street/pijpenbrandersgang/6919,6,"derde uitleg"
https://adamlink.nl/geo/street/fonteinengang/6920,6,"derde uitleg"
https://adamlink.nl/geo/street/smeltersgang/6293,6,"derde uitleg"
https://adamlink.nl/geo/street/kaarsenmakersgang/6921,6,"derde uitleg"
https://adamlink.nl/geo/street/knollengang/6922,6,"derde uitleg"
https://adamlink.nl/geo/street/walengang/6923,6,"derde uitleg"
https://adamlink.nl/geo/street/steenmansgang/6924,6,"derde uitleg"
https://adamlink.nl/geo/street/lombardshofje/6926,6,"derde uitleg"
https://adamlink.nl/geo/street/drie-engelengang/6927,6,"derde uitleg"
https://adamlink.nl/geo/street/stovengang/6930,6,"derde uitleg"
https://adamlink.nl/geo/street/schuitjesgang/6931,6,"derde uitleg"
https://adamlink.nl/geo/street/blaauwe-hanengang/6114,6,"derde uitleg"
https://adamlink.nl/geo/street/zaturdagschegang/6932,6,"derde uitleg"
https://adamlink.nl/geo/street/roetershofje/6933,6,"derde uitleg"
https://adamlink.nl/geo/street/suikerhofje/6934,6,"derde uitleg"
https://adamlink.nl/geo/street/zalmgang/6935,6,"derde uitleg"
https://adamlink.nl/geo/street/schoenmakersgang/6936,6,"derde uitleg"
https://adamlink.nl/geo/street/witte-rozengang/6937,6,"derde uitleg"
https://adamlink.nl/geo/street/kramersgang/6938,6,"derde uitleg"
https://adamlink.nl/geo/street/melkmeisjesgang/6939,6,"derde uitleg"
https://adamlink.nl/geo/street/schuijermakersgang/6940,6,"derde uitleg"
https://adamlink.nl/geo/street/suikerbakkersgang-bij-lindenstraat/6076,6,"derde uitleg"
https://adamlink.nl/geo/street/metzelaarsgang/6941,6,"derde uitleg"
https://adamlink.nl/geo/street/nieuwen-huizengang/6942,6,"derde uitleg"
https://adamlink.nl/geo/street/drie-rijstbossengang/6943,6,"derde uitleg"
https://adamlink.nl/geo/street/dolphijngang/6944,6,"derde uitleg"
https://adamlink.nl/geo/street/bontekoegang/6945,6,"derde uitleg"
https://adamlink.nl/geo/street/kuipersgang/6928,6,"derde uitleg"
https://adamlink.nl/geo/street/stille-willemsgang/6929,6,"derde uitleg"
https://adamlink.nl/geo/street/warmoesgracht/6947,5,"tweede uitleg"
https://adamlink.nl/geo/street/karthuizershofje/2305,6,"derde uitleg"
https://adamlink.nl/geo/street/sgravenlandseveer/3925,7,"aanplempingen Binnen-Amstel"
https://adamlink.nl/geo/street/varkenmarkt/6299,9,"vierde uitleg"
https://adamlink.nl/geo/street/zwarte-bijlsteeg/5779,3,"vijftiende-eeuwse uitbreidingen"
https://adamlink.nl/geo/street/groot-hemelrijk/6948,3,"vijftiende-eeuwse uitbreidingen"
https://adamlink.nl/geo/street/klein-hemelrijk/5740,3,"vijftiende-eeuwse uitbreidingen"
https://adamlink.nl/geo/street/herengracht/1768,6,"derde uitleg"
https://adamlink.nl/geo/street/herengracht/1768,5,"tweede uitleg"
https://adamlink.nl/geo/street/ossenmarkt/6949,3,"vijftiende-eeuwse uitbreidingen"
https://adamlink.nl/geo/street/keizersgracht/2337,9,"vierde uitleg"
https://adamlink.nl/geo/street/keizersgracht/2337,6,"derde uitleg"
https://adamlink.nl/geo/street/prinsengracht/3684,9,"vierde uitleg"
https://adamlink.nl/geo/street/prinsengracht/3684,6,"derde uitleg"
https://adamlink.nl/geo/street/nieuwe-tichelstraat/6950,6,"derde uitleg"
https://adamlink.nl/geo/street/tichelstraat/4447,6,"derde uitleg"
https://adamlink.nl/geo/street/tichelstraat/4447,6,"derde uitleg"
https://adamlink.nl/geo/street/korte-tuinstraat/6951,6,"derde uitleg"
https://adamlink.nl/geo/street/utrechtsche-steiger/6276,1,"oudste stad"
https://adamlink.nl/geo/street/valkenburgerstraat/4618,5,"tweede uitleg"
https://adamlink.nl/geo/street/salamandersteeg/5710,5,"tweede uitleg"
https://adamlink.nl/geo/street/vijzelstraat/4763,5,"tweede uitleg"
https://adamlink.nl/geo/street/nieuwe-vijzelstraat/6952,9,"vierde uitleg"
https://adamlink.nl/geo/street/vijzelstraat/4763,5,"tweede uitleg"
https://adamlink.nl/geo/street/jonkerstraat/6953,4,Lastage
https://adamlink.nl/geo/street/grote-kattenburgerstraat/6954,9,"vierde uitleg"
https://adamlink.nl/geo/street/eerste-kattenburgerdwarsstraat/5735,9,"vierde uitleg"
https://adamlink.nl/geo/street/tweede-kattenburgerdwarsstraat/5736,9,"vierde uitleg"
https://adamlink.nl/geo/street/derde-kattenburgerdwarsstraat/5734,9,"vierde uitleg"
https://adamlink.nl/geo/street/kleine-kattenburger-straat/5653,9,"vierde uitleg"
https://adamlink.nl/geo/street/kattenburgertussenstraat/5737,9,"vierde uitleg"
https://adamlink.nl/geo/street/kattenburgervoorstraat/5738,9,"vierde uitleg"
https://adamlink.nl/geo/street/kattenburgerkruisstraat/6955,9,"vierde uitleg"
https://adamlink.nl/geo/street/kattenburgerachterstraat/5812,9,"vierde uitleg"
https://adamlink.nl/geo/street/kattenburgerkade/2317,9,"vierde uitleg"
https://adamlink.nl/geo/street/mariniersplein/5750,9,"vierde uitleg"
https://adamlink.nl/geo/street/mariniersstraat/6956,9,"vierde uitleg"
https://adamlink.nl/geo/street/spuistraat/4276,3,"vijftiende-eeuwse uitbreidingen"
https://adamlink.nl/geo/street/spuistraat/4276,2,"veertiende-eeuwse uitbreidingen"
https://adamlink.nl/geo/street/sint-anthonisdijk/6946,9,"vierde uitleg"
https://adamlink.nl/geo/street/nieuwe-turfmarkt/6222,9,"vierde uitleg"
https://adamlink.nl/geo/street/deventer-houtmarkt/6119,2,"veertiende-eeuwse uitbreidingen"
https://adamlink.nl/geo/street/lijnbaansgracht/2698,6,"derde uitleg"
https://adamlink.nl/geo/street/reguliersgracht/3763,9,"vierde uitleg"
https://adamlink.nl/geo/street/reguliersgracht/3763,9,"vierde uitleg"
https://adamlink.nl/geo/street/reguliersgracht/3763,9,"vierde uitleg"
https://adamlink.nl/geo/street/boger-steegje/5632,1,"oudste stad"
https://adamlink.nl/geo/street/grimnessersluis/5701,3,"vijftiende-eeuwse uitbreidingen"
https://adamlink.nl/geo/street/oude-haarlemmersluis/6959,3,"vijftiende-eeuwse uitbreidingen"
https://adamlink.nl/geo/street/nieuwe-haarlemmersluis/6960,5,"tweede uitleg"
https://adamlink.nl/geo/street/lange-keizersdwarsstraat/2608,4,Lastage
https://adamlink.nl/geo/street/leidse-veer/6961,3,"vijftiende-eeuwse uitbreidingen"
https://adamlink.nl/geo/street/regulierspad/6962,9,"vierde uitleg"
https://adamlink.nl/geo/street/utrechtse-veer/6963,3,"vijftiende-eeuwse uitbreidingen"
https://adamlink.nl/geo/street/utrechtse-veer/6964,9,"vierde uitleg"
https://adamlink.nl/geo/street/utrechtse-schietschuyten-veer/6966,3,"vijftiende-eeuwse uitbreidingen"
https://adamlink.nl/geo/street/appelmarkt/6965,3,"vijftiende-eeuwse uitbreidingen"
https://adamlink.nl/geo/street/lijnbaansgracht/2698,9,"vierde uitleg"
https://adamlink.nl/geo/street/lijnbaansgracht/2698,6,"derde uitleg"
https://adamlink.nl/geo/street/hoerenpad/6967,9,"vierde uitleg"
https://adamlink.nl/geo/street/schoutenpad/6971,6,"derde uitleg"
https://adamlink.nl/geo/street/spaanse-leger/6970,6,"derde uitleg"
https://adamlink.nl/geo/street/breestraat/6973,5,"tweede uitleg"
https://adamlink.nl/geo/street/ridderstraat/6974,4,Lastage
https://adamlink.nl/geo/street/londense-kaai/6975,3,"vijftiende-eeuwse uitbreidingen"
https://adamlink.nl/geo/street/friese-korenmarkt/6976,3,"vijftiende-eeuwse uitbreidingen"
https://adamlink.nl/geo/street/nieuwe-singel/6977,5,"tweede uitleg"
https://adamlink.nl/geo/street/houttuinen/6978,5,"tweede uitleg"
https://adamlink.nl/geo/street/tuinpad/6265,6,"derde uitleg"
https://adamlink.nl/geo/street/cruys-pad/6979,6,"derde uitleg"
https://adamlink.nl/geo/street/nieuwe-lakenpad/6980,6,"derde uitleg"
https://adamlink.nl/geo/street/lijnbaanspad/6981,6,"derde uitleg"
https://adamlink.nl/geo/street/corteinspad/6982,6,"derde uitleg"
https://adamlink.nl/geo/street/tweede-pannenbakkerspad/6983,6,"derde uitleg"
https://adamlink.nl/geo/street/pannenbakkerspad/6256,6,"derde uitleg"
https://adamlink.nl/geo/street/plempenpad/6984,6,"derde uitleg"
https://adamlink.nl/geo/street/pottenbakkerspad/6985,6,"derde uitleg"
https://adamlink.nl/geo/street/weespad/6325,6,"derde uitleg"
https://adamlink.nl/geo/street/jan-hanzenpad/6105,6,"derde uitleg"
https://adamlink.nl/geo/street/kaatsbaanpad/6153,6,"derde uitleg"
https://adamlink.nl/geo/street/margrietenpad/6987,6,"derde uitleg"
https://adamlink.nl/geo/street/appelmanspad/6986,6,"derde uitleg"
https://adamlink.nl/geo/street/tobiaspad/6988,6,"derde uitleg"
https://adamlink.nl/geo/street/nieuwe-raampad/6989,6,"derde uitleg"
https://adamlink.nl/geo/street/brabantspad/6990,6,"derde uitleg"
https://adamlink.nl/geo/street/walenpad/6320,9,"vierde uitleg"
https://adamlink.nl/geo/street/benningspad/6972,9,"vierde uitleg"
https://adamlink.nl/geo/street/sint-jacobspad/6991,9,"vierde uitleg"
https://adamlink.nl/geo/street/heilige-weg/6992,9,"vierde uitleg"
https://adamlink.nl/geo/street/middelpad/6993,9,"vierde uitleg"
https://adamlink.nl/geo/street/wandelpad/6994,9,"vierde uitleg"
https://adamlink.nl/geo/street/sint-pieterspad/6995,9,"vierde uitleg"
https://adamlink.nl/geo/street/gansoord/6996,1,"oudste stad"
https://adamlink.nl/geo/street/droogbak/6997,5,"tweede uitleg"
https://adamlink.nl/geo/street/gooijerssteeg/5840,1,"oudste stad"
https://adamlink.nl/geo/street/muiderplein/6206,9,"vierde uitleg"
https://adamlink.nl/geo/street/hameterssteeg/6106,5,"tweede uitleg"
https://adamlink.nl/geo/street/raampad/5917,9,"vierde uitleg"
